date,fin_balance,loan_balance,fin_buy,guarantee
2012-09-27,704.53,15.31,34.09,257.28
2012-09-28,685.47,15.2,33.52,263.15
2012-10-08,696.69,15.64,34.59,260.82
2012-10-09,699.63,17.59,41.87,266.61
2012-10-10,708.57,17.63,36.16,267.54
2012-10-11,715.18,16.71,33.32,264.16
2012-10-12,716.87,16.45,29.61,263.55
2012-10-15,719.66,17.21,27.59,261.84
2012-10-16,720.75,17.88,28.81,263.02
2012-10-17,726.03,18.27,29.53,262.87
2012-10-18,725.29,19.74,38.5,266.61
2012-10-19,722.64,18.69,30.26,266.49
2012-10-22,728.68,19.46,33.01,267.88
2012-10-23,735.19,18.28,35.19,264.32
2012-10-24,738.7,18.16,28.93,263.69
2012-10-25,743.62,17.29,32.62,261.1
2012-10-26,749.71,14.28,33.58,255.79
2012-10-29,754.63,15.12,22.77,254.32
2012-10-30,753.15,16.39,23.3,255.39
2012-10-31,752.88,17.24,24.59,257.32
2012-11-01,748.99,18.41,38.05,261.62
2012-11-02,747.84,18.89,33.04,262.53
2012-11-05,751.39,19.26,32.39,261.73
2012-11-06,755.08,18.84,34.08,260.65
2012-11-07,756.69,18.89,29.23,260.61
2012-11-08,754.93,18.6,29.69,255.33
2012-11-09,751.91,18.46,20.83,255.12
2012-11-12,752.65,20.6,25.0,257.16
2012-11-13,754.03,20.03,26.47,252.97
2012-11-14,755.16,20.61,21.58,253.96
2012-11-15,755.95,20.39,22.19,250.2
2012-11-16,756.31,18.87,23.35,248.88
2012-11-19,759.31,19.48,24.3,249.57
2012-11-20,760.04,19.61,21.41,248.69
2012-11-21,761.52,21.0,27.82,253.61
2012-11-22,761.34,20.89,19.75,252.41
2012-11-23,758.65,21.59,21.76,254.07
2012-11-26,760.24,21.61,19.46,251.92
2012-11-27,758.29,21.99,22.87,247.57
2012-11-28,755.4,21.42,20.37,244.6
2012-11-29,751.33,23.15,20.25,245.1
2012-11-30,747.59,23.93,23.92,247.61
2012-12-03,743.37,25.42,25.98,244.1
2012-12-04,741.11,26.19,25.61,247.02
2012-12-05,742.93,26.78,59.93,256.56
2012-12-06,748.19,26.75,38.29,255.19
2012-12-07,747.34,28.05,54.15,261.73
2012-12-10,749.2,30.18,51.21,262.53
2012-12-11,756.33,29.91,44.47,260.95
2012-12-12,763.21,30.5,39.2,263.53
2012-12-13,766.89,29.1,32.55,257.87
2012-12-14,768.54,30.41,82.74,267.18
2012-12-17,779.53,31.52,81.81,267.86
2012-12-18,790.96,32.02,74.83,266.93
2012-12-19,799.44,32.45,56.91,266.82
2012-12-20,810.26,32.29,64.38,267.18
2012-12-21,822.06,31.04,69.42,262.33
2012-12-24,831.42,32.49,54.48,263.25
2012-12-25,841.38,35.11,95.01,267.09
2012-12-26,850.59,34.45,74.02,274.26
2012-12-27,860.45,33.67,77.71,265.04
2012-12-28,861.44,34.64,74.29,272.78
2012-12-31,856.5,38.14,81.64,275.61
2013-01-04,879.0,38.99,103.52,266.08
2013-01-07,899.94,40.67,79.83,266.53
2013-01-08,914.05,38.78,80.55,266.54
2013-01-09,925.53,38.61,82.14,272.47
2013-01-10,937.69,39.93,80.68,264.49
2013-01-11,943.84,36.16,81.14,258.63
2013-01-14,963.09,40.03,115.82,274.66
2013-01-15,981.51,41.29,117.03,275.76
2013-01-16,995.97,39.66,107.25,265.15
2013-01-17,1011.83,37.91,82.15,269.5
2013-01-18,1010.84,39.67,84.94,264.58
2013-01-21,1032.58,42.23,97.52,264.9
2013-01-22,1053.61,41.26,114.54,260.53
2013-01-23,1069.47,40.85,83.95,259.93
2013-01-24,1071.06,40.24,114.38,256.76
2013-01-25,1071.92,38.48,60.64,263.48
2013-01-28,1086.27,43.2,102.65,268.39
2013-01-29,1107.91,45.25,117.59,268.52
2013-01-30,1131.12,45.94,113.85,268.61
2013-01-31,1151.87,45.36,114.53,266.53
2013-02-01,1156.57,45.99,119.96,269.52
2013-02-04,1189.28,44.96,165.52,267.63
2013-02-05,1205.69,44.14,133.45,268.97
2013-02-06,1225.86,43.56,114.27,268.33
2013-02-07,1243.82,38.73,121.05,267.48
2013-02-08,1217.25,35.75,98.98,269.49
2013-02-18,1262.96,36.02,130.91,265.68
2013-02-19,1294.94,33.63,117.97,259.87
2013-02-20,1304.09,34.48,94.18,262.24
2013-02-21,1323.25,28.83,124.26,253.7
2013-02-22,1323.35,27.45,78.49,253.69
2013-02-25,1337.05,28.69,72.76,255.11
2013-02-26,1358.54,28.81,109.92,251.2
2013-02-27,1365.95,29.21,82.09,253.05
2013-02-28,1369.9,32.87,116.75,258.86
2013-03-01,1383.43,31.37,109.37,258.92
2013-03-04,1411.5,27.71,136.83,247.5
2013-03-05,1429.81,31.49,121.63,254.2
2013-03-06,1449.16,32.89,127.3,255.45
2013-03-07,1464.3,31.14,126.91,252.2
2013-03-08,1468.71,31.08,89.67,251.3
2013-03-11,1481.96,31.02,76.74,250.06
2013-03-12,1475.48,29.99,101.49,246.46
2013-03-13,1494.39,28.76,81.57,244.5
2013-03-14,1502.97,31.48,67.29,245.0
2013-03-15,1509.11,31.53,106.51,245.31
2013-03-18,1520.54,31.89,80.89,241.67
2013-03-19,1528.73,33.15,78.73,242.92
2013-03-20,1539.19,36.48,120.48,249.84
2013-03-21,1553.47,37.78,108.97,249.77
2013-03-22,1564.05,37.44,86.39,249.12
2013-03-25,1581.39,37.46,94.0,248.34
2013-03-26,1597.24,35.12,103.74,244.67
2013-03-27,1611.61,35.72,90.6,244.89
2013-03-28,1621.68,30.54,111.89,237.89
2013-03-29,1616.9,30.35,75.22,238.18
2013-04-01,1629.43,30.53,70.92,239.57
2013-04-02,1635.54,30.29,81.92,238.37
2013-04-03,1632.22,29.85,61.57,236.79
2013-04-08,1648.89,29.32,75.73,236.37
2013-04-09,1658.93,32.15,75.84,237.9
2013-04-10,1662.25,33.74,75.5,237.7
2013-04-11,1669.46,34.23,65.56,236.84
2013-04-12,1667.78,33.67,61.0,235.03
2013-04-15,1670.38,34.51,64.95,233.11
2013-04-16,1673.87,34.5,77.76,235.33
2013-04-17,1686.73,36.44,74.32,235.03
2013-04-18,1695.46,36.57,75.99,236.36
2013-04-19,1699.94,37.93,120.23,242.48
2013-04-22,1727.39,37.65,114.4,241.68
2013-04-23,1745.35,33.99,109.78,234.15
2013-04-24,1758.52,36.32,110.83,238.6
2013-04-25,1765.48,34.6,113.18,235.34
2013-04-26,1749.31,30.93,81.56,233.08
2013-05-02,1762.11,33.43,84.96,232.24
2013-05-03,1759.15,34.83,103.0,235.36
2013-05-06,1786.39,37.12,119.9,240.84
2013-05-07,1801.9,38.07,113.24,241.64
2013-05-08,1811.66,40.25,113.68,242.47
2013-05-09,1835.47,38.67,131.49,240.67
2013-05-10,1842.64,37.37,101.36,242.06
2013-05-13,1866.64,37.94,105.55,241.77
2013-05-14,1889.72,36.38,108.72,237.91
2013-05-15,1907.29,37.96,98.98,239.38
2013-05-16,1926.49,39.4,149.33,242.0
2013-05-17,1927.73,39.19,144.95,245.28
2013-05-20,1957.79,40.35,185.89,247.41
2013-05-21,1993.29,38.45,170.02,247.89
2013-05-22,2018.74,39.37,165.48,245.71
2013-05-23,2050.7,37.76,171.55,242.68
2013-05-24,2065.55,36.3,134.39,244.88
2013-05-27,2098.08,37.17,161.98,245.15
2013-05-28,2114.02,38.98,180.33,247.57
2013-05-29,2139.74,39.17,181.91,247.77
2013-05-30,2166.95,38.9,164.24,246.73
2013-05-31,2180.49,35.77,155.0,243.82
2013-06-03,2207.75,36.3,142.5,242.1
2013-06-04,2227.44,33.38,138.65,238.41
2013-06-05,2238.64,34.31,109.59,238.55
2013-06-06,2247.71,32.63,126.58,235.45
2013-06-07,2232.16,29.68,122.6,231.67
2013-06-13,2246.05,29.35,114.99,225.89
2013-06-14,2244.43,31.09,100.18,229.53
2013-06-17,2268.53,32.49,116.95,225.72
2013-06-18,2279.63,34.0,96.57,227.64
2013-06-19,2295.09,33.79,111.63,227.94
2013-06-20,2306.0,30.88,107.37,220.17
2013-06-21,2298.88,30.27,93.83,219.88
2013-06-24,2273.37,26.65,123.19,208.81
2013-06-25,2219.73,25.45,127.76,211.55
2013-06-26,2224.2,29.42,108.94,214.89
2013-06-27,2206.12,33.3,105.61,213.36
2013-06-28,2188.0,36.76,97.83,215.18
2013-07-01,2184.95,40.31,85.05,218.5
2013-07-02,2188.59,43.41,105.93,220.76
2013-07-03,2198.54,45.13,112.43,219.98
2013-07-04,2200.52,46.79,121.92,221.99
2013-07-05,2196.4,48.26,109.08,221.28
2013-07-08,2189.05,47.86,90.28,214.81
2013-07-09,2185.68,48.39,68.94,215.82
2013-07-10,2192.68,49.71,110.8,222.68
2013-07-11,2188.47,49.96,191.85,230.55
2013-07-12,2199.32,43.74,165.94,226.97
2013-07-15,2214.73,45.9,149.11,230.41
2013-07-16,2237.45,47.43,140.23,231.35
2013-07-17,2242.94,45.42,134.22,228.06
2013-07-18,2259.92,42.56,116.52,226.03
2013-07-19,2249.21,40.93,128.96,221.04
2013-07-22,2262.68,42.36,102.04,223.28
2013-07-23,2272.27,44.12,147.01,228.84
2013-07-24,2285.52,43.08,153.53,228.61
2013-07-25,2285.81,44.73,137.68,226.08
2013-07-26,2280.38,44.04,97.86,225.3
2013-07-29,2287.17,45.41,104.87,221.38
2013-07-30,2286.13,46.25,102.8,221.8
2013-07-31,2285.26,47.9,94.4,223.03
2013-08-01,2290.45,47.95,128.78,228.73
2013-08-02,2282.56,46.02,125.86,229.44
2013-08-05,2293.92,47.78,122.08,232.34
2013-08-06,2301.93,47.36,147.72,233.77
2013-08-07,2307.85,47.95,152.92,231.23
2013-08-08,2325.65,47.38,121.99,231.13
2013-08-09,2327.79,46.54,131.24,231.78
2013-08-12,2329.98,48.99,175.22,236.34
2013-08-13,2348.26,47.84,154.18,237.87
2013-08-14,2354.23,47.87,153.1,235.9
2013-08-15,2362.9,45.56,130.37,232.95
2013-08-16,2373.2,41.88,201.97,230.82
2013-08-19,2379.24,43.03,131.28,233.81
2013-08-20,2389.69,43.28,138.24,231.95
2013-08-21,2404.79,42.53,113.01,232.23
2013-08-22,2410.0,42.75,118.46,232.2
2013-08-23,2409.07,40.77,154.9,231.92
2013-08-26,2426.46,43.72,166.86,236.84
2013-08-27,2451.24,42.93,160.1,237.22
2013-08-28,2480.43,42.62,199.1,233.83
2013-08-29,2499.04,41.32,152.38,232.68
2013-08-30,2485.62,41.11,184.02,230.69
2013-09-02,2505.74,41.8,167.22,231.81
2013-09-03,2503.6,42.29,155.51,235.61
2013-09-04,2513.9,42.54,164.04,235.56
2013-09-05,2532.26,41.78,157.66,235.2
2013-09-06,2540.83,41.57,166.35,237.07
2013-09-09,2582.74,47.71,280.71,239.69
2013-09-10,2626.24,47.38,289.5,241.27
2013-09-11,2646.32,47.49,299.1,239.42
2013-09-12,2687.7,49.62,263.56,239.52
2013-09-13,2702.2,46.1,212.09,239.12
2013-09-16,2742.79,45.05,235.42,237.68
2013-09-17,2768.3,41.23,224.02,232.6
2013-09-18,2757.55,39.21,164.1,234.38
2013-09-23,2798.01,41.9,214.46,237.26
2013-09-24,2829.69,40.27,248.28,235.35
2013-09-25,2850.36,40.15,234.82,234.28
2013-09-26,2865.1,36.31,213.97,230.14
2013-09-27,2859.87,34.86,170.84,230.73
2013-09-30,2827.69,33.76,153.51,234.0
2013-10-08,2885.09,37.79,243.45,236.9
2013-10-09,2928.81,37.08,220.71,240.58
2013-10-10,2968.61,36.34,246.55,234.98
2013-10-11,2992.13,37.44,243.46,239.24
2013-10-14,3030.74,38.08,259.5,238.8
2013-10-15,3063.69,37.59,239.52,237.43
2013-10-16,3067.28,35.24,228.17,231.78
2013-10-17,3074.1,35.26,191.42,237.31
2013-10-18,3068.28,36.03,154.65,238.41
2013-10-21,3097.68,37.46,230.28,242.56
2013-10-22,3113.49,36.71,252.15,239.38
2013-10-23,3113.87,36.49,219.44,235.62
2013-10-24,3123.42,35.55,151.48,234.03
2013-10-25,3121.09,33.26,176.06,230.7
2013-10-28,3127.52,33.7,137.11,230.52
2013-10-29,3105.49,34.58,202.09,229.01
2013-10-30,3111.15,36.95,166.75,232.12
2013-10-31,3109.84,36.07,148.92,228.86
2013-11-01,3087.9,36.16,118.57,228.88
2013-11-04,3096.73,36.82,117.87,229.78
2013-11-05,3104.04,37.0,137.63,231.68
2013-11-06,3106.98,36.13,151.93,229.31
2013-11-07,3107.54,34.93,124.57,227.31
2013-11-08,3099.39,32.62,120.02,224.37
2013-11-11,3096.7,33.72,103.87,225.35
2013-11-12,3089.86,36.17,115.44,227.78
2013-11-13,3076.95,35.35,123.97,224.23
2013-11-14,3079.37,36.68,130.41,226.97
2013-11-15,3085.48,36.65,200.93,232.74
2013-11-18,3111.69,42.9,255.3,237.4
2013-11-19,3132.87,42.14,215.63,236.61
2013-11-20,3155.98,41.76,193.31,238.12
2013-11-21,3169.96,40.95,219.66,236.58
2013-11-22,3167.63,40.2,190.06,237.58
2013-11-25,3180.81,40.46,176.99,235.11
2013-11-26,3197.34,39.73,159.69,235.39
2013-11-27,3215.85,40.22,213.81,238.35
2013-11-28,3227.78,40.09,239.37,239.76
2013-11-29,3234.82,38.51,197.04,240.9
2013-12-02,3235.84,40.69,289.66,233.36
2013-12-03,3246.81,41.55,188.08,236.59
2013-12-04,3271.32,42.52,252.86,238.91
2013-12-05,3291.53,41.85,204.9,238.0
2013-12-06,3289.96,39.25,176.27,237.05
2013-12-09,3306.52,39.43,168.4,238.35
2013-12-10,3318.01,39.82,175.5,238.51
2013-12-11,3327.65,36.13,174.4,235.65
2013-12-12,3337.79,36.76,149.05,236.09
2013-12-13,3340.2,35.45,135.26,236.09
2013-12-16,3346.26,34.04,162.18,232.71
2013-12-17,3355.07,34.31,128.82,231.45
2013-12-18,3358.87,34.58,109.25,230.95
2013-12-19,3365.93,33.21,125.59,229.0
2013-12-20,3371.27,30.26,131.06,225.02
2013-12-23,3373.09,30.75,106.44,225.91
2013-12-24,3378.28,26.93,118.5,226.51
2013-12-25,3392.86,26.79,122.44,229.18
2013-12-26,3403.45,26.38,133.52,225.01
2013-12-27,3405.11,27.25,125.38,228.52
2013-12-30,3433.57,26.08,137.26,227.91
2013-12-31,3435.06,30.41,138.98,229.35
2014-01-02,3448.64,26.17,135.06,229.93
2014-01-03,3446.17,25.63,149.54,228.28
2014-01-06,3452.09,25.86,141.44,222.85
2014-01-07,3456.8,26.66,109.82,224.11
2014-01-08,3467.73,27.75,146.52,225.96
2014-01-09,3480.89,27.38,165.18,223.95
2014-01-10,3480.57,25.75,125.36,220.31
2014-01-13,3477.99,26.33,113.85,220.32
2014-01-14,3478.77,27.03,123.71,223.62
2014-01-15,3486.11,27.34,130.9,224.59
2014-01-16,3491.07,27.53,134.99,224.86
2014-01-17,3497.77,25.48,125.08,222.99
2014-01-20,3507.12,25.0,112.94,
2014-01-21,3509.62,24.92,131.11,
2014-01-22,3518.66,26.42,194.89,229.75
2014-01-23,3531.11,25.54,190.32,230.08
2014-01-24,3530.24,24.18,193.61,232.18
2014-01-27,3543.83,22.95,203.2,231.94
2014-01-28,3539.18,22.92,149.79,231.32
2014-01-29,3521.08,22.51,153.39,232.16
2014-01-30,3472.17,19.88,132.81,230.88
2014-02-07,3518.33,22.73,183.54,233.01
2014-02-10,3576.15,25.15,279.6,237.99
2014-02-11,3632.39,26.34,305.52,238.15
2014-02-12,3676.1,26.22,252.57,240.78
2014-02-13,3712.84,26.7,286.88,237.18
2014-02-14,3715.22,26.22,198.55,238.68
2014-02-17,3752.7,27.32,280.3,241.49
2014-02-18,3794.07,26.39,288.73,241.25
2014-02-19,3822.55,28.73,276.54,241.71
2014-02-20,3841.88,28.41,275.75,237.85
2014-02-21,3839.43,25.88,199.86,236.22
2014-02-24,3851.97,24.66,225.31,234.96
2014-02-25,3842.51,23.65,266.29,227.7
2014-02-26,3850.26,23.23,196.18,229.44
2014-02-27,3845.34,25.85,231.42,227.46
2014-02-28,3837.07,25.69,190.4,230.15
2014-03-03,3853.01,27.1,203.13,233.03
2014-03-04,3863.45,27.32,200.33,232.81
2014-03-05,3877.84,28.0,186.7,231.57
2014-03-06,3884.75,27.47,193.13,232.18
2014-03-07,3870.01,28.61,184.46,231.72
2014-03-10,3857.25,28.58,189.19,224.45
2014-03-11,3848.1,29.89,148.33,223.69
2014-03-12,3838.92,31.28,168.47,225.89
2014-03-13,3844.72,33.99,160.76,228.8
2014-03-14,3836.07,33.33,143.25,227.99
2014-03-17,3845.44,34.18,157.34,233.06
2014-03-18,3862.3,34.05,181.12,231.97
2014-03-19,3883.37,32.38,170.42,230.98
2014-03-20,3885.18,31.31,182.16,226.47
2014-03-21,3889.13,27.16,222.53,231.64
2014-03-24,3907.16,29.25,228.81,230.66
2014-03-25,3924.55,29.33,198.69,230.46
2014-03-26,3939.03,29.71,166.31,232.45
2014-03-27,3947.12,28.96,194.48,229.28
2014-03-28,3931.24,27.55,175.68,224.04
2014-03-31,3926.85,27.83,129.32,225.65
2014-04-01,3919.12,29.29,120.31,226.74
2014-04-02,3914.97,31.42,155.43,230.32
2014-04-03,3927.49,30.52,164.64,228.81
2014-04-04,3913.11,30.11,134.47,230.96
2014-04-08,3921.95,32.5,222.36,234.31
2014-04-09,3938.23,31.77,196.86,235.46
2014-04-10,3971.24,34.11,294.19,237.17
2014-04-11,3973.32,33.5,222.92,236.06
2014-04-14,3996.0,33.08,188.08,236.74
2014-04-15,4016.65,30.35,207.93,233.04
2014-04-16,4023.06,31.14,158.91,234.25
2014-04-17,4029.29,30.41,159.96,233.66
2014-04-18,4020.85,28.62,145.24,233.98
2014-04-21,4020.15,28.2,175.82,230.05
2014-04-22,4023.6,28.57,174.63,229.7
2014-04-23,4027.98,29.37,139.22,228.89
2014-04-24,4020.36,29.74,137.17,227.88
2014-04-25,4000.16,27.42,149.39,224.53
2014-04-28,3984.59,25.92,143.12,219.92
2014-04-29,3968.57,26.94,118.11,223.59
2014-04-30,3939.18,26.31,106.02,224.54
2014-05-05,3954.55,27.71,127.59,226.62
2014-05-06,3965.99,28.58,136.33,227.97
2014-05-07,3963.09,28.62,119.41,223.89
2014-05-08,3961.33,28.74,126.93,224.05
2014-05-09,3950.27,27.68,116.94,223.46
2014-05-12,3958.65,30.12,195.64,229.5
2014-05-13,3966.55,29.96,158.42,228.61
2014-05-14,3964.81,29.85,119.64,226.75
2014-05-15,3959.02,28.37,127.14,225.33
2014-05-16,3944.81,28.09,107.09,224.59
2014-05-19,3946.61,27.19,121.67,223.92
2014-05-20,3946.89,27.3,115.25,224.47
2014-05-21,3952.71,28.5,116.27,224.65
2014-05-22,3945.71,28.6,137.19,225.94
2014-05-23,3929.18,28.2,121.67,226.9
2014-05-26,3928.52,28.9,154.39,229.35
2014-05-27,3931.67,29.31,139.95,228.83
2014-05-28,3938.04,30.22,181.7,231.0
2014-05-29,3935.08,28.92,169.65,229.07
2014-05-30,3915.67,28.07,146.63,229.67
2014-06-03,3913.86,29.19,150.93,229.13
2014-06-04,3916.68,28.04,140.48,227.56
2014-06-05,3911.28,29.26,135.95,232.53
2014-06-06,3909.15,27.75,141.48,230.01
2014-06-09,3913.56,29.16,140.79,228.53
2014-06-10,3916.85,31.18,169.84,231.35
2014-06-11,3921.83,31.24,164.67,233.49
2014-06-12,3933.65,31.03,165.16,232.26
2014-06-13,3925.94,31.51,192.37,234.02
2014-06-16,3943.93,34.12,208.02,236.46
2014-06-17,3976.75,31.83,193.39,233.16
2014-06-18,4014.45,30.54,191.87,231.97
2014-06-19,4028.09,27.07,198.12,226.72
2014-06-20,4027.73,26.68,128.72,229.25
2014-06-23,4027.44,27.74,139.81,230.19
2014-06-24,4028.16,28.87,149.15,231.75
2014-06-25,4035.78,28.26,139.75,229.72
2014-06-26,4027.69,28.06,166.6,232.54
2014-06-27,4015.15,27.43,190.69,233.0
2014-06-30,4034.96,29.93,212.22,234.48
2014-07-01,4050.05,28.44,211.63,234.92
2014-07-02,4065.53,29.47,220.25,236.4
2014-07-03,4085.0,30.91,243.66,237.62
2014-07-04,4085.69,30.53,211.99,222.92
2014-07-07,4114.76,31.23,215.8,237.46
2014-07-08,4139.16,31.09,217.23,234.85
2014-07-09,4159.21,29.53,249.64,234.26
2014-07-10,4181.51,28.97,211.17,234.04
2014-07-11,4188.52,28.42,205.19,234.43
2014-07-14,4214.76,29.12,253.74,236.75
2014-07-15,4228.57,30.3,247.77,236.25
2014-07-16,4248.47,31.93,235.2,234.72
2014-07-17,4255.47,31.63,179.6,233.27
2014-07-18,4237.9,32.32,178.77,234.25
2014-07-21,4240.09,33.47,177.34,233.4
2014-07-22,4253.94,34.64,241.05,236.2
2014-07-23,4286.86,34.39,260.99,234.5
2014-07-24,4309.14,37.64,313.6,235.58
2014-07-25,4298.05,38.87,266.36,237.36
2014-07-28,4281.03,45.59,401.86,242.65
2014-07-29,4303.22,48.06,373.3,244.53
2014-07-30,4358.34,47.84,359.71,243.58
2014-07-31,4400.74,48.95,332.32,244.33
2014-08-01,4393.21,47.56,348.48,237.9
2014-08-04,4435.49,51.76,342.9,246.28
2014-08-05,4471.62,50.23,370.26,245.31
2014-08-06,4522.87,49.82,380.01,245.31
2014-08-07,4563.53,43.78,360.06,241.79
2014-08-08,4576.59,41.84,283.75,242.6
2014-08-11,4603.08,46.62,330.57,244.57
2014-08-12,4654.67,45.14,351.75,244.42
2014-08-13,4716.51,44.76,385.25,243.99
2014-08-14,4764.52,43.38,360.36,241.39
2014-08-15,4780.12,44.8,335.54,243.93
2014-08-18,4829.45,44.85,388.03,245.86
2014-08-19,4868.15,45.6,427.95,245.64
2014-08-20,4917.15,45.68,375.09,244.7
2014-08-21,4967.88,43.44,383.72,244.39
2014-08-22,4983.32,43.25,362.4,243.04
2014-08-25,5024.66,42.2,362.82,240.26
2014-08-26,5063.43,39.8,348.28,236.47
2014-08-27,5103.18,38.77,278.78,237.61
2014-08-28,5181.67,35.79,306.86,232.7
2014-08-29,5201.04,35.83,246.97,235.29
2014-09-01,5241.67,36.49,333.52,239.63
2014-09-02,5233.6,39.8,426.16,243.94
2014-09-03,5236.47,42.97,470.72,244.69
2014-09-04,5292.24,45.22,474.67,245.42
2014-09-05,5293.49,47.19,470.74,245.66
2014-09-09,5366.89,47.27,485.42,245.94
2014-09-10,5448.87,44.05,446.43,244.52
2014-09-11,5520.75,43.65,552.28,243.02
2014-09-12,5563.73,43.9,422.2,245.16
2014-09-15,5655.5,43.24,506.33,244.75
2014-09-16,5712.53,41.32,621.09,237.05
2014-09-17,5761.39,41.26,407.02,238.53
2014-09-18,5802.74,42.9,377.0,239.58
2014-09-19,5809.21,42.53,372.53,240.4
2014-09-22,5909.29,38.76,439.24,241.85
2014-09-23,5967.69,40.54,388.22,239.53
2014-09-24,6096.11,41.74,578.84,242.82
2014-09-25,6186.71,40.13,601.4,241.6
2014-09-26,6220.62,40.19,458.24,240.12
2014-09-29,6191.03,40.4,477.97,242.99
2014-09-30,6070.62,36.91,439.59,243.6
2014-10-08,6252.44,43.44,622.4,243.3
2014-10-09,6359.07,44.15,635.6,243.97
2014-10-10,6422.67,43.44,577.04,241.5
2014-10-13,6521.34,42.38,528.05,239.54
2014-10-14,6586.01,43.47,509.26,239.1
2014-10-15,6655.53,44.93,529.01,239.81
2014-10-16,6680.79,46.32,563.38,236.32
2014-10-17,6687.78,41.97,478.21,236.25
2014-10-20,6725.57,44.73,389.45,237.18
2014-10-21,6761.89,43.7,408.67,235.06
2014-10-22,6801.89,41.74,396.85,232.85
2014-10-23,6868.28,36.64,412.38,229.85
2014-10-24,6898.57,34.59,327.3,230.05
2014-10-27,6941.01,32.32,336.1,230.18
2014-10-28,6909.67,36.78,440.1,235.04
2014-10-29,6908.03,40.92,616.42,237.58
2014-10-30,6961.24,44.44,618.64,237.15
2014-10-31,6968.73,47.59,654.23,238.32
2014-11-03,7047.24,49.28,623.64,238.82
2014-11-04,7109.83,49.42,623.69,236.86
2014-11-05,7165.16,49.55,565.13,235.8
2014-11-06,7214.96,48.23,501.7,237.69
2014-11-07,7222.23,49.0,681.17,236.38
2014-11-10,7268.84,56.1,653.85,238.17
2014-11-11,7319.95,54.14,875.86,231.44
2014-11-12,7357.14,57.06,552.12,235.05
2014-11-13,7387.52,57.45,695.56,231.66
2014-11-14,7397.59,55.65,497.54,232.51
2014-11-17,7436.56,54.67,526.04,233.97
2014-11-18,7473.52,50.52,457.27,232.82
2014-11-19,7510.98,50.1,485.01,233.14
2014-11-20,7540.96,51.2,420.92,232.96
2014-11-21,7574.27,50.2,576.23,236.27
2014-11-24,7776.17,51.54,1048.9,238.48
2014-11-25,7931.98,53.16,915.68,239.87
2014-11-26,8061.13,56.07,1004.34,241.18
2014-11-27,8109.3,59.6,1010.44,239.71
2014-11-28,8188.45,63.52,1152.48,240.29
2014-12-01,8315.4,65.65,1133.13,237.67
2014-12-02,8403.23,69.27,1117.23,243.67
2014-12-03,8495.86,68.28,1516.39,244.27
2014-12-04,8735.06,73.91,1564.49,248.44
2014-12-05,8818.21,70.27,1740.57,245.22
2014-12-08,9080.11,79.19,1660.97,239.23
2014-12-09,9225.07,68.29,2057.84,236.06
2014-12-10,9292.11,67.61,1343.43,
2014-12-11,9351.47,67.35,1216.66,243.14
2014-12-12,9367.59,66.46,1066.96,245.5
2014-12-15,9491.97,67.38,1122.06,246.46
2014-12-16,9618.21,70.63,1308.3,
2014-12-17,9767.43,71.3,1492.93,247.81
2014-12-18,9877.87,70.36,1201.68,246.09
2014-12-19,10005.14,67.97,1286.93,245.54
2014-12-22,10046.82,69.02,1418.28,238.99
2014-12-23,10015.24,66.46,962.69,236.37
2014-12-24,9975.34,59.8,859.9,234.68
2014-12-25,10005.18,68.63,879.18,237.86
2014-12-26,10059.33,73.75,1167.42,244.05
2014-12-29,10173.77,74.6,1372.54,240.53
2014-12-30,10209.3,76.11,1088.08,239.69
2014-12-31,10172.06,81.84,1074.73,240.44
2015-01-05,10295.4,82.81,1408.35,241.92
2015-01-06,10376.84,82.05,1354.37,244.8
2015-01-07,10492.52,84.4,1120.49,244.18
2015-01-08,10529.84,78.23,1006.81,240.63
2015-01-09,10604.25,74.1,1165.64,238.86
2015-01-12,10719.07,69.99,931.87,236.12
2015-01-13,10780.72,68.94,755.17,238.12
2015-01-14,10909.36,66.91,793.49,238.53
2015-01-15,11060.53,69.21,948.19,241.02
2015-01-16,11112.8,69.67,1123.6,243.61
2015-01-19,10927.69,56.23,1040.61,232.23
2015-01-20,10907.42,58.05,1079.15,236.89
2015-01-21,10954.71,68.42,1298.03,243.22
2015-01-22,11071.24,69.09,1154.66,244.57
2015-01-23,11120.05,67.47,1171.0,243.63
2015-01-26,11204.92,70.78,1026.67,246.14
2015-01-27,11251.57,67.6,1161.83,244.89
2015-01-28,11277.23,65.32,932.98,241.51
2015-01-29,11302.09,62.43,795.85,239.38
2015-01-30,11258.33,58.69,744.08,236.16
2015-02-02,11273.72,54.89,689.76,232.88
2015-02-03,11266.4,59.8,777.91,238.7
2015-02-04,11294.13,59.17,848.94,237.16
2015-02-05,11352.87,57.48,1064.39,235.32
2015-02-06,11381.03,49.46,775.73,231.81
2015-02-09,11477.56,48.44,744.35,232.46
2015-02-10,11645.73,48.92,761.54,236.41
2015-02-11,11738.74,49.45,765.09,238.35
2015-02-12,11657.02,48.35,746.61,239.33
2015-02-13,11382.34,49.02,870.29,242.73
2015-02-16,11325.86,49.2,898.41,246.07
2015-02-17,11056.99,46.67,807.15,246.75
2015-02-25,11355.36,50.14,979.77,242.9
2015-02-26,11474.9,55.77,1044.35,246.04
2015-02-27,11522.99,55.11,1043.15,247.01
2015-03-02,11733.74,58.25,1353.48,249.57
2015-03-03,11917.31,55.7,1384.41,244.9
2015-03-04,12046.93,57.9,1089.16,247.63
2015-03-05,12195.6,55.16,1160.23,246.34
2015-03-06,12265.7,52.66,1002.89,242.41
2015-03-09,12416.1,51.18,1054.41,245.44
2015-03-10,12624.37,47.95,1101.14,245.85
2015-03-11,12868.72,45.05,1092.95,245.21
2015-03-12,13081.1,47.82,1286.99,246.06
2015-03-13,13121.17,48.27,1142.64,247.72
2015-03-16,13048.01,54.59,1453.91,253.85
2015-03-17,13143.82,57.64,1799.47,254.3
2015-03-18,13350.89,63.97,1846.87,256.77
2015-03-19,13572.06,62.68,1792.87,255.9
2015-03-20,13768.37,65.63,1963.92,255.19
2015-03-23,13927.65,72.13,1960.18,253.08
2015-03-24,14139.51,69.82,2254.93,258.35
2015-03-25,14363.01,70.71,1947.03,243.39
2015-03-26,14515.83,71.6,1816.88,254.26
2015-03-27,14587.42,73.8,1438.05,256.73
2015-03-30,14763.97,81.89,1916.59,257.3
2015-03-31,14864.39,79.29,2054.92,255.93
2015-04-01,15107.05,83.89,1860.06,257.42
2015-04-02,15297.61,84.03,1937.09,258.66
2015-04-03,15449.94,85.35,1951.04,260.69
2015-04-07,15785.05,91.07,2208.8,263.27
2015-04-08,16016.75,90.93,2397.18,261.17
2015-04-09,16221.81,102.33,2273.87,257.92
2015-04-10,16437.09,88.76,1938.53,261.53
2015-04-13,16753.48,88.08,2176.09,264.24
2015-04-14,17040.67,84.17,2156.0,263.43
2015-04-15,17274.27,82.7,2020.5,262.27
2015-04-16,17438.67,86.19,1786.99,259.82
2015-04-17,17303.9,88.13,2321.76,261.66
2015-04-20,17244.15,83.82,2767.34,257.67
2015-04-21,17315.95,87.38,2204.75,263.6
2015-04-22,17543.25,94.08,2578.28,267.56
2015-04-23,17693.17,92.87,2533.31,266.48
2015-04-24,17802.15,88.84,2393.3,264.87
2015-04-27,18063.26,94.06,2470.68,258.98
2015-04-28,18136.36,89.93,2576.6,258.98
2015-04-29,18251.6,90.1,1921.5,
2015-04-30,18307.0,87.8,2008.9,
2015-05-04,18581.9,89.3,1856.4,
2015-05-05,18710.7,73.6,2047.0,
2015-05-06,18912.9,70.4,1914.0,
2015-05-07,18998.5,61.5,1407.6,
2015-05-08,18754.1,63.4,1423.5,
2015-05-11,18820.9,75.2,1950.2,
2015-05-12,18949.7,81.5,2148.2,
2015-05-13,19137.0,83.7,2153.6,
2015-05-14,19265.1,82.8,1816.6,
2015-05-15,19287.5,74.3,1699.5,
2015-05-18,19478.1,71.8,1614.3,
2015-05-19,19767.3,73.2,1901.6,
2015-05-20,20075.1,71.9,2249.3,224.47
2015-05-21,20261.4,77.4,1980.7,
2015-05-22,20131.1,83.9,2502.0,
2015-05-25,20234.6,94.8,2610.2,
2015-05-26,20438.8,98.5,2700.2,
2015-05-27,20581.9,96.7,2620.5,
2015-05-28,20696.6,79.6,2905.9,
2015-05-29,20728.6,71.7,1942.9,
2015-06-01,21029.6,79.1,2130.5,
2015-06-02,21346.2,77.2,2298.7,
2015-06-03,21555.0,75.6,2259.7,
2015-06-04,21698.9,75.2,2354.7,
2015-06-05,21655.7,81.2,2734.6,
2015-06-08,21701.7,91.0,2716.8,
2015-06-09,21773.9,89.5,2340.3,
2015-06-10,21923.1,90.9,2155.7,
2015-06-11,22056.7,92.6,2085.5,
2015-06-12,22204.6,92.3,2187.9,
2015-06-15,22316.6,87.4,2186.6,
2015-06-16,22400.7,76.0,1842.2,
2015-06-17,22548.0,69.6,1665.3,
2015-06-18,22664.3,63.7,1575.8,
2015-06-19,22608.2,48.8,1465.3,
2015-06-23,22452.7,51.5,1394.1,
2015-06-24,22049.2,61.9,1623.1,
2015-06-25,21815.5,63.7,1703.1,
2015-06-26,21239.4,47.6,1444.0,
2015-06-29,20837.2,44.9,1697.8,
2015-06-30,20444.8,47.0,1694.1,
2015-07-01,20303.4,47.3,1593.6,
2015-07-02,19795.0,40.0,1358.1,
2015-07-03,19065.3,31.2,1204.2,
2015-07-06,17668.5,30.2,1381.8,
2015-07-07,16201.8,27.8,940.8,
2015-07-08,14437.8,25.2,584.7,
2015-07-09,14359.8,26.1,1172.5,
2015-07-10,14379.7,27.1,1267.1,
2015-07-13,14368.1,28.2,1469.4,
2015-07-14,14387.8,28.1,1573.6,
2015-07-15,14197.3,27.4,1364.5,
2015-07-16,14185.5,26.8,1188.9,
2015-07-17,14254.5,27.9,1397.7,
2015-07-20,14238.8,31.8,1575.8,
2015-07-21,14325.4,34.1,1442.6,
2015-07-22,14362.6,34.7,1491.0,
2015-07-23,14552.5,33.8,1710.2,
2015-07-24,14542.3,34.6,1879.6,
2015-07-27,14261.5,31.7,1498.3,
2015-07-28,13775.8,29.4,1167.7,
2015-07-29,13690.2,32.4,1115.8,
2015-07-30,13677.2,32.7,1276.7,
2015-07-31,13352.0,32.6,786.9,
2015-08-03,12937.4,35.0,665.0,
2015-08-04,13098.5,36.4,1035.4,260.64
2015-08-05,13090.4,35.2,1013.8,257.3
2015-08-06,13053.3,34.4,729.1,256.1
2015-08-07,13141.7,31.2,999.8,261.7
2015-08-10,13371.2,33.4,1513.6,271.6
2015-08-11,13510.4,32.2,1602.8,271.5
2015-08-12,13555.9,33.1,1263.3,267.8
2015-08-13,13693.8,32.6,1305.9,272.8
2015-08-14,13747.7,31.3,1464.0,272.7
2015-08-17,13891.1,35.6,1455.0,274.5
2015-08-18,13685.9,36.5,1581.7,259.2
2015-08-19,13617.8,34.9,1266.0,265.4
2015-08-20,13537.4,35.3,1070.9,255.7
2015-08-21,13229.9,32.8,868.9,244.7
2015-08-24,12452.5,29.7,582.4,233.7
2015-08-25,11600.2,27.7,581.4,227.0
2015-08-26,11055.4,28.5,820.2,226.2
2015-08-27,10742.0,30.5,724.1,238.4
2015-08-28,10720.3,31.6,943.5,250.3
2015-08-31,10558.6,32.6,764.7,247.0
2015-09-01,10121.6,31.8,585.0,241.0
2015-09-02,9591.0,31.3,516.8,240.2
2015-09-07,9753.8,30.8,710.8,238.9
2015-09-08,9729.2,32.2,554.4,249.1
2015-09-09,9872.3,33.0,953.3,254.1
2015-09-10,9841.7,32.4,616.3,251.2
2015-09-11,9818.2,31.0,543.9,252.2
2015-09-14,9533.0,30.5,616.0,243.3
2015-09-15,9326.7,29.1,449.8,234.9
2015-09-16,9351.5,30.1,617.8,248.7
2015-09-17,9382.9,29.4,767.5,244.1
2015-09-18,9361.8,29.2,495.4,244.9
2015-09-21,9378.8,29.6,598.7,250.2
2015-09-22,9385.6,29.8,719.0,253.3
2015-09-23,9369.9,29.2,581.3,250.4
2015-09-24,9371.8,29.5,550.6,252.4
2015-09-25,9246.8,28.8,532.0,245.7
2015-09-28,9258.0,29.2,417.9,249.2
2015-09-29,9182.8,28.1,394.0,245.3
2015-09-30,9040.5,26.8,326.4,245.6
2015-10-08,9195.5,28.9,703.5,253.2
2015-10-09,9208.9,29.0,644.2,256.4
2015-10-12,9451.1,29.8,1124.5,264.5
2015-10-13,9495.7,29.6,839.5,267.3
2015-10-14,9548.7,29.5,842.3,262.9
2015-10-15,9660.7,30.0,982.8,269.6
2015-10-16,9697.6,29.4,1162.8,271.8
2015-10-19,9821.6,29.8,1191.7,271.1
2015-10-20,9932.9,30.2,1083.0,272.8
2015-10-21,9850.5,29.2,1342.6,260.1
2015-10-22,9983.0,29.5,1076.7,267.3
2015-10-23,10076.2,29.7,1239.9,272.1
2015-10-26,10209.6,29.8,1330.1,272.1
2015-10-27,10276.3,29.9,166.0,273.8
2015-10-28,10253.5,29.9,1018.3,267.3
2015-10-29,10323.8,29.5,866.0,268.1
2015-10-30,10301.7,29.0,923.3,267.8
2015-11-02,10277.4,28.9,792.0,262.2
2015-11-03,10289.8,28.7,654.3,262.1
2015-11-04,10494.3,29.7,1300.0,272.7
2015-11-05,10674.4,30.0,1911.5,272.7
2015-11-06,10808.3,30.4,1637.8,277.7
2015-11-09,11141.6,31.1,1943.4,278.3
2015-11-10,11351.0,30.8,1758.6,277.4
2015-11-11,11498.9,30.7,1499.4,278.8
2015-11-12,11632.4,31.1,1538.1,280.0
2015-11-13,11641.7,31.6,1408.8,272.4
2015-11-16,11769.2,31.6,1132.1,275.4
2015-11-17,11944.7,32.1,1679.7,271.3
2015-11-18,11954.4,31.9,1160.1,266.8
2015-11-19,12092.8,31.4,1076.7,272.1
2015-11-20,12189.5,31.6,1367.1,272.2
2015-11-23,12151.0,31.1,1104.5,270.5
2015-11-24,12171.4,31.0,853.1,273.3
2015-11-25,12191.1,31.4,1059.3,277.5
2015-11-26,12173.1,31.9,1132.8,276.5
2015-11-27,11942.4,29.5,1094.5,263.2
2015-11-30,11932.0,29.1,952.6,266.9
2015-12-01,11953.3,29.7,844.7,267.6
2015-12-02,11908.1,31.1,913.8,270.34
2015-12-03,11849.5,30.8,861.4,275.8
2015-12-04,11642.3,30.3,732.8,273.7
2015-12-07,11633.1,30.9,700.1,276.3
2015-12-08,11555.9,30.6,696.7,271.8
2015-12-09,11541.5,30.4,663.6,271.7
2015-12-10,11520.7,30.5,705.2,271.3
2015-12-11,11512.0,29.8,599.5,270.2
2015-12-14,11653.2,30.2,793.9,277.1
2015-12-15,11686.5,29.3,795.5,278.4
2015-12-16,11716.8,29.5,761.0,279.0
2015-12-17,11706.2,31.3,1024.3,283.7
2015-12-18,11710.5,30.9,972.8,281.5
2015-12-21,11806.6,32.3,1093.1,283.9
2015-12-22,11904.2,31.4,1011.6,285.7
2015-12-23,12024.8,32.2,1224.6,283.3
2015-12-24,12081.3,30.3,862.7,282.2
2015-12-25,12077.0,29.8,728.4,283.3
2015-12-28,11864.9,29.4,828.8,277.3
2015-12-29,11869.5,29.9,625.7,279.0
2015-12-30,11883.6,29.9,694.3,280.9
2015-12-31,11712.2,29.6,566.0,277.3
2016-01-04,11587.4,27.1,553.7,257.6
2016-01-05,11374.0,27.3,661.6,257.8
2016-01-06,11315.1,27.9,602.9,264.3
2016-01-07,11200.2,25.6,166.4,244.6
2016-01-08,10965.5,25.1,615.0,250.8
2016-01-11,10619.9,24.0,522.1,239.3
2016-01-12,10426.8,23.6,433.3,241.9
2016-01-13,10239.1,23.2,391.6,236.2
2016-01-14,10141.7,23.0,469.6,245.5
2016-01-15,9974.4,22.4,415.2,238.4
2016-01-18,9968.7,22.6,419.6,242.5
2016-01-19,9952.7,23.9,517.8,251.2
2016-01-20,9915.1,23.1,506.2,248.0
2016-01-21,9831.9,23.5,446.2,238.8
2016-01-22,9789.7,22.6,374.7,242.5
2016-01-25,9752.1,22.9,338.4,244.7
2016-01-26,9509.0,21.3,385.6,230.9
2016-01-27,9296.0,21.4,404.3,232.4
2016-01-28,9128.5,20.8,299.5,225.5
2016-01-29,9070.4,20.7,360.9,234.2
2016-02-01,8975.5,20.1,274.4,231.2
2016-02-02,8980.6,20.4,347.6,238.4
2016-02-03,8927.3,20.2,291.5,239.6
2016-02-04,8883.5,20.0,366.5,243.8
2016-02-05,8699.0,18.2,238.5,241.1
2016-02-15,8732.2,19.0,303.5,241.7
2016-02-16,8789.4,20.6,467.5,250.5
2016-02-17,8803.2,21.8,484.2,254.3
2016-02-18,8826.7,21.7,514.2,254.1
2016-02-19,8817.2,21.1,394.0,254.1
2016-02-22,8851.1,22.2,555.0,258.7
2016-02-23,8848.3,22.2,483.0,257.6
2016-02-24,8869.9,22.6,502.9,259.3
2016-02-25,8733.7,21.3,543.9,242.7
2016-02-26,8675.2,21.2,368.9,242.9
2016-02-29,8508.0,21.0,328.5,234.0
2016-03-01,8482.8,21.7,366.4,238.6
2016-03-02,8523.4,22.9,552.6,250.1
2016-03-03,8542.2,23.1,592.8,250.8
2016-03-04,8411.6,23.3,509.0,247.0
2016-03-07,8457.0,23.2,448.5,250.8
2016-03-08,8438.0,23.3,458.9,252.3
2016-03-09,8393.0,23.9,339.9,247.5
2016-03-10,8367.1,23.2,286.6,243.9
2016-03-11,8334.2,22.8,239.4,243.5
2016-03-14,8405.9,22.8,470.7,250.7
2016-03-15,8352.3,23.4,334.6,249.8
2016-03-16,8267.5,23.6,312.5,249.0
2016-03-17,8373.4,22.2,553.2,255.2
2016-03-18,8451.2,22.1,769.7,262.0
2016-03-21,8633.0,22.4,950.6,267.9
2016-03-22,8679.6,21.3,733.6,267.4
2016-03-23,8733.0,21.7,635.5,269.2
2016-03-24,8728.3,21.7,673.4,265.4
2016-03-25,8736.9,21.5,494.2,266.9
2016-03-28,8748.0,22.1,573.3,265.4
2016-03-29,8734.6,22.2,466.8,260.7
2016-03-30,8777.8,22.8,605.3,268.7
2016-03-31,8785.8,23.0,664.7,269.5
2016-04-01,8718.1,23.2,509.8,267.6
2016-04-05,8842.3,23.6,748.2,273.3
2016-04-06,8872.3,23.7,661.2,273.8
2016-04-07,8865.9,23.5,633.4,270.2
2016-04-08,8822.4,23.4,507.1,268.4
2016-04-11,8874.5,24.0,629.7,272.9
2016-04-12,8837.9,24.0,491.0,271.0
2016-04-13,8922.4,23.9,848.1,274.1
2016-04-14,8951.1,24.0,576.2,276.0
2016-04-15,8914.4,24.0,497.7,277.1
2016-04-18,8899.6,24.2,487.6,272.3
2016-04-19,8907.8,24.4,449.9,272.8
2016-04-20,8776.7,25.1,664.7,263.4
2016-04-21,8739.6,24.7,469.4,260.5
2016-04-22,8697.9,23.7,350.3,262.8
2016-04-25,8681.8,24.3,309.0,261.6
2016-04-26,8671.9,24.5,314.1,265.0
2016-04-27,8649.9,24.9,344.8,263.6
2016-04-28,8643.7,25.0,367.0,263.5
2016-04-29,8570.2,24.0,287.0,263.4
2016-05-03,8656.5,24.5,530.5,268.7
2016-05-04,8666.8,24.5,474.6,269.0
2016-05-05,8693.3,23.9,429.6,271.7
2016-05-06,8579.4,23.3,568.7,262.3
2016-05-09,8521.0,23.1,412.4,254.6
2016-05-10,8461.4,23.5,266.9,254.9
2016-05-11,8412.1,24.0,314.3,255.1
2016-05-12,8380.4,25.0,320.9,255.2
2016-05-13,8328.9,23.4,282.3,255.1
2016-05-16,8343.4,23.6,318.7,258.5
2016-05-17,8329.8,23.9,384.0,258.5
2016-05-18,8260.1,23.8,339.6,254.4
2016-05-19,8267.2,22.4,340.1,254.4
2016-05-20,8245.9,22.0,326.1,256.7
2016-05-23,8246.1,22.2,352.3,258.9
2016-05-24,8247.3,22.9,322.2,256.6
2016-05-25,8233.2,23.1,322.9,256.1
2016-05-26,8233.4,23.4,350.5,260.0
2016-05-27,8201.5,21.8,324.8,257.9
2016-05-30,8186.3,22.7,277.0,257.6
2016-05-31,8269.8,22.8,631.8,267.3
2016-06-01,8299.1,22.4,630.0,268.1
2016-06-02,8353.2,22.8,528.0,269.9
2016-06-03,8337.5,22.9,596.6,270.5
2016-06-06,8367.0,23.0,494.5,271.1
2016-06-07,8382.6,23.6,452.5,270.8
2016-06-08,8346.0,25.6,472.3,270.1
2016-06-13,8309.6,22.2,513.8,259.3
2016-06-14,8287.3,26.0,325.6,260.5
2016-06-15,8367.2,25.3,569.3,267.7
2016-06-16,8362.4,23.7,530.4,267.5
2016-06-17,8340.7,23.0,495.8,268.4
2016-06-20,8359.5,24.3,422.6,268.1
2016-06-21,8343.4,24.7,523.2,265.4
2016-06-22,8373.8,24.0,433.1,269.5
2016-06-23,8368.8,25.8,457.0,269.0
2016-06-24,8350.2,24.3,578.6,266.3
2016-06-27,8422.9,25.7,554.1,271.5
2016-06-28,8458.9,25.9,602.4,273.2
2016-06-29,8498.1,26.8,594.5,274.3
2016-06-30,8508.6,26.9,502.0,273.8
2016-07-01,8483.7,26.8,445.8,272.5
2016-07-04,8568.6,28.8,667.2,277.3
2016-07-05,8601.4,30.7,667.7,278.3
2016-07-06,8633.0,31.2,621.1,279.0
2016-07-07,8669.1,31.9,708.9,279.2
2016-07-08,8631.3,30.7,556.9,278.1
2016-07-11,8651.0,31.7,681.5,277.4
2016-07-12,8699.8,32.8,754.6,281.3
2016-07-13,8722.5,31.0,771.6,282.4
2016-07-14,8736.9,31.1,599.9,282.2
2016-07-15,8720.3,29.9,571.6,281.5
2016-07-18,8762.8,30.8,563.7,280.1
2016-07-19,8811.2,30.9,521.1,280.4
2016-07-20,8821.1,31.8,472.4,279.1
2016-07-21,8828.8,33.1,536.7,279.0
2016-07-22,8801.8,31.2,525.5,277.7
2016-07-25,8822.3,30.9,479.4,277.8
2016-07-26,8840.5,33.0,498.2,281.1
2016-07-27,8725.1,33.1,782.6,272.9
2016-07-28,8686.8,33.0,532.9,273.9
2016-07-29,8636.3,31.7,389.3,270.9
2016-08-01,8600.4,31.0,367.4,267.2
2016-08-02,8592.2,31.4,283.3,269.3
2016-08-03,8592.3,32.7,342.3,270.3
2016-08-04,8609.0,33.4,389.8,272.0
2016-08-05,8579.0,33.3,365.5,270.9
2016-08-08,8610.3,34.6,420.8,274.1
2016-08-09,8640.2,35.2,462.2,276.3
2016-08-10,8675.4,36.1,459.0,274.9
2016-08-11,8680.4,36.5,435.6,271.6
2016-08-12,8655.1,35.4,421.4,275.1
2016-08-15,8764.7,37.7,860.3,281.4
2016-08-16,8864.2,36.3,766.2,281.6
2016-08-17,8897.5,35.9,628.8,281.4
2016-08-18,8941.5,35.6,667.1,281.2
2016-08-19,8939.7,35.7,538.7,280.6
2016-08-22,8955.6,36.2,519.3,276.6
2016-08-23,8961.0,36.8,439.7,277.2
2016-08-24,8974.2,36.1,404.9,277.2
2016-08-25,8976.1,36.3,461.0,275.8
2016-08-26,8955.0,34.7,418.8,276.1
2016-08-29,8976.9,35.4,387.1,276.8
2016-08-30,8976.6,37.9,373.3,276.6
2016-08-31,8995.9,38.6,414.6,277.1
2016-09-01,8990.0,39.1,418.7,274.0
2016-09-02,8954.5,39.2,389.2,274.0
2016-09-05,8960.3,38.0,374.9,275.1
2016-09-06,9022.9,38.7,526.9,278.3
2016-09-07,9023.2,39.6,518.8,277.8
2016-09-08,9037.5,39.1,421.8,278.4
2016-09-09,9003.0,38.2,441.1,276.4
2016-09-12,8970.4,38.3,503.7,270.5
2016-09-13,8959.3,36.7,368.9,271.7
2016-09-14,8895.7,34.5,319.9,270.5
2016-09-19,8919.5,38.2,311.2,272.9
2016-09-20,8927.8,37.4,296.8,271.9
2016-09-21,8936.0,37.7,308.0,272.1
2016-09-22,8920.9,38.4,374.4,274.0
2016-09-23,8879.3,37.1,324.0,273.0
2016-09-26,8871.3,38.6,365.3,268.4
2016-09-27,8863.7,38.4,302.5,270.6
2016-09-28,8848.7,36.2,249.9,269.4
2016-09-29,8822.6,34.3,282.8,270.4
2016-09-30,8685.4,31.1,223.7,271.6
2016-10-10,8784.5,33.7,476.5,276.1
2016-10-11,8828.0,37.1,442.9,277.5
2016-10-12,8873.5,36.4,378.9,277.2
2016-10-13,8903.1,40.0,390.5,277.2
2016-10-14,8895.8,39.1,374.7,277.0
2016-10-17,8917.0,38.8,415.3,275.0
2016-10-18,8973.8,38.9,469.6,278.5
2016-10-19,8990.4,38.6,458.6,278.3
2016-10-20,9005.5,38.8,391.3,278.2
2016-10-21,8982.1,39.5,439.5,276.9
2016-10-24,9045.4,41.0,555.9,279.3
2016-10-25,9083.1,39.7,499.8,280.5
2016-10-26,9104.6,41.2,491.7,278.7
2016-10-27,9122.0,39.4,409.8,278.5
2016-10-28,9057.1,40.1,422.1,276.5
2016-10-31,9075.5,38.9,362.7,276.5
2016-11-01,9106.4,39.5,413.1,278.4
2016-11-02,9100.4,39.4,461.6,276.9
2016-11-03,9168.4,41.9,618.3,278.5
2016-11-04,9150.4,39.1,477.5,277.9
2016-11-07,9176.2,40.5,462.4,278.5
2016-11-08,9189.7,41.9,474.6,279.9
2016-11-09,9226.9,40.9,616.8,278.2
2016-11-10,9284.5,43.2,616.5,280.91
2016-11-11,9284.7,42.8,745.7,282.9
2016-11-14,9366.6,43.0,803.9,283.3
2016-11-15,9414.2,44.0,623.2,283.6
2016-11-16,9453.9,42.2,582.8,283.3
2016-11-17,9458.4,44.3,512.6,282.9
2016-11-18,9438.5,41.7,497.8,280.9
2016-11-21,9499.5,43.2,558.0,280.9
2016-11-22,9563.3,44.1,650.6,283.2
2016-11-23,9560.5,44.5,651.5,282.0
2016-11-24,9566.5,46.8,623.5,281.4
2016-11-25,9558.3,44.3,619.3,282.9
2016-11-28,9637.5,47.4,700.8,282.4
2016-11-29,9667.7,47.0,776.3,280.9
2016-11-30,9720.1,44.5,637.4,279.5
2016-12-01,9694.8,47.3,602.5,280.8
2016-12-02,9650.2,45.0,631.8,277.5
2016-12-05,9635.2,43.4,544.2,275.5
2016-12-06,9635.8,42.7,401.8,275.5
2016-12-07,9651.2,43.8,421.1,278.2
2016-12-08,9648.3,45.7,419.6,277.0
2016-12-09,9617.6,44.9,459.2,277.2
2016-12-12,9500.6,44.2,551.6,268.8
2016-12-13,9487.6,40.5,372.1,270.4
2016-12-14,9491.8,40.3,417.8,268.0
2016-12-15,9520.5,38.5,402.5,270.0
2016-12-16,9483.6,37.1,320.5,271.8
2016-12-19,9475.9,36.5,310.0,271.9
2016-12-20,9488.3,35.7,310.9,270.8
2016-12-21,9487.7,37.7,348.5,272.5
2016-12-22,9476.7,36.6,309.6,272.6
2016-12-23,9422.4,36.5,315.6,269.9
2016-12-26,9436.7,36.1,326.9,271.3
2016-12-27,9443.2,34.5,285.9,271.0
2016-12-28,9447.7,33.2,266.1,270.1
2016-12-29,9439.7,33.4,262.9,269.7
2016-12-30,9356.3,34.9,233.9,269.8
2017-01-03,9357.5,33.7,280.8,272.5
2017-01-04,9345.1,34.4,347.1,275.9
2017-01-05,9328.2,36.3,338.8,276.2
2017-01-06,9293.7,34.4,336.7,274.8
2017-01-09,9293.9,37.4,332.1,276.4
2017-01-10,9277.4,37.8,333.7,276.0
2017-01-11,9255.0,38.8,312.6,273.4
2017-01-12,9234.5,37.8,273.9,271.3
2017-01-13,9164.4,37.6,259.2,268.7
2017-01-16,8987.4,40.0,341.8,264.7
2017-01-17,8972.7,38.9,261.0,266.8
2017-01-18,8940.1,39.6,224.2,266.18
2017-01-19,8920.9,37.8,204.3,265.6
2017-01-20,8886.5,34.2,227.0,268.2
2017-01-23,8860.5,34.3,248.9,269.9
2017-01-24,8816.4,34.1,213.7,269.5
2017-01-25,8781.2,32.7,201.8,270.4
2017-01-26,8649.0,29.8,178.0,272.2
2017-02-03,8696.3,30.4,217.1,270.7
2017-02-06,8743.3,32.2,260.6,272.9
2017-02-07,8746.5,34.1,258.4,272.9
2017-02-08,8774.0,35.7,304.2,274.7
2017-02-09,8812.5,35.6,378.0,276.2
2017-02-10,8794.4,36.5,409.1,276.6
2017-02-13,8845.7,39.1,428.6,278.1
2017-02-14,8863.6,38.7,361.3,278.2
2017-02-15,8881.9,45.3,434.6,275.9
2017-02-16,8916.6,41.5,390.2,277.8
2017-02-17,8900.2,44.1,398.2,275.5
2017-02-20,8948.4,45.1,418.0,277.7
2017-02-21,8959.3,47.5,422.9,279.3
2017-02-22,8981.9,43.3,420.1,280.1
2017-02-23,9013.6,42.6,440.3,279.5
2017-02-24,9013.2,40.3,367.8,279.8
2017-02-27,9040.3,40.8,375.5,277.5
2017-02-28,9062.1,40.6,322.0,278.3
2017-03-01,9070.0,43.2,398.0,278.8
2017-03-02,9081.4,41.6,381.7,277.4
2017-03-03,9055.1,40.8,342.0,278.0
2017-03-06,9087.5,43.3,381.8,279.9
2017-03-07,9093.1,43.1,374.0,280.1
2017-03-08,9093.3,46.8,346.3,279.3
2017-03-09,9086.8,44.9,344.3,277.6
2017-03-10,9053.1,44.4,294.9,277.5
2017-03-13,9075.7,46.2,380.4,279.9
2017-03-14,9085.6,46.5,348.8,279.3
2017-03-15,9095.4,46.3,341.7,279.5
2017-03-16,9165.0,46.2,466.7,281.3
2017-03-17,9152.1,46.1,447.8,278.5
2017-03-20,9182.7,44.6,382.6,279.2
2017-03-21,9197.5,47.4,382.9,279.3
2017-03-22,9213.8,47.7,442.6,278.4
2017-03-23,9220.0,48.0,440.5,278.4
2017-03-24,9215.1,46.9,468.3,279.5
2017-03-27,9259.2,46.5,439.0,278.3
2017-03-28,9269.0,45.2,355.7,277.7
2017-03-29,9265.5,48.8,428.1,276.4
2017-03-30,9254.4,44.3,459.5,272.4
2017-03-31,9178.7,42.2,327.1,273.5
2017-04-05,9230.6,43.6,524.0,279.0
2017-04-06,9239.5,45.9,503.7,280.6
2017-04-07,9213.7,44.4,497.9,280.4
2017-04-10,9254.6,47.1,557.1,279.3
2017-04-11,9306.5,47.8,697.1,281.1
2017-04-12,9323.1,49.3,642.3,278.7
2017-04-13,9355.9,50.8,486.0,280.0
2017-04-14,9324.8,47.4,476.6,276.4
2017-04-17,9341.7,47.5,446.3,273.9
2017-04-18,9325.7,48.0,418.4,272.0
2017-04-19,9295.1,46.5,420.4,269.8
2017-04-20,9265.2,46.3,413.7,269.0
2017-04-21,9184.6,44.0,316.2,268.1
2017-04-24,9126.6,47.2,338.4,263.9
2017-04-25,9106.2,48.1,332.0,264.5
2017-04-26,9096.9,48.2,391.5,265.4
2017-04-27,9099.1,49.1,460.5,266.9
2017-04-28,9045.3,46.0,348.7,267.5
2017-05-02,9062.1,47.9,367.0,267.1
2017-05-03,9069.7,49.4,360.8,266.4
2017-05-04,9086.0,50.6,398.2,265.4
2017-05-05,9028.6,49.8,341.2,262.7
2017-05-08,8979.5,50.8,338.8,259.7
2017-05-09,8962.5,48.7,275.6,261.5
2017-05-10,8906.3,51.1,314.1,258.2
2017-05-11,8825.6,50.9,327.2,259.1
2017-05-12,8772.0,51.0,291.4,259.4
2017-05-15,8749.4,51.9,271.3,260.6
2017-05-16,8776.7,52.0,408.1,265.3
2017-05-17,8785.3,50.8,388.1,265.6
2017-05-18,8796.8,48.0,321.7,263.9
2017-05-19,8768.2,47.1,274.5,263.0
2017-05-22,8760.6,50.0,308.8,260.0
2017-05-23,8712.0,51.3,336.0,255.9
2017-05-24,8704.3,51.5,278.9,257.5
2017-05-25,8701.4,53.0,383.9,261.2
2017-05-26,8638.9,46.9,293.2,260.5
2017-05-31,8647.2,48.6,322.2,260.2
2017-06-01,8597.0,49.0,287.2,256.3
2017-06-02,8579.2,45.8,282.8,258.7
2017-06-05,8590.7,45.6,265.1,259.7
2017-06-06,8580.4,46.1,244.2,261.4
2017-06-07,8616.3,43.6,402.6,265.9
2017-06-08,8622.6,45.2,358.6,266.5
2017-06-09,8605.2,45.4,335.8,267.0
2017-06-12,8624.4,46.6,332.6,263.9
2017-06-13,8651.9,44.3,316.2,266.9
2017-06-14,8655.0,43.7,323.0,265.7
2017-06-15,8688.1,42.4,345.8,268.2
2017-06-16,8655.2,42.5,287.2,267.5
2017-06-19,8673.7,43.8,306.6,269.4
2017-06-20,8674.1,43.7,344.8,268.6
2017-06-21,8687.2,44.4,355.0,269.4
2017-06-22,8690.5,47.2,454.9,266.9
2017-06-23,8666.9,44.1,371.0,267.8
2017-06-26,8718.3,46.6,474.0,270.5
2017-06-27,8740.1,45.9,377.3,270.4
2017-06-28,8769.7,47.4,372.4,268.7
2017-06-29,8780.5,46.3,350.9,270.3
2017-06-30,8754.6,42.5,308.9,270.2
2017-07-03,8774.1,41.3,359.2,271.4
2017-07-04,8788.3,44.4,373.1,270.5
2017-07-05,8808.1,43.3,393.1,272.7
2017-07-06,8810.7,47.3,463.0,273.2
2017-07-07,8798.9,43.7,429.2,274.2
2017-07-10,8826.9,45.5,494.6,273.4
2017-07-11,8827.4,46.3,452.3,271.4
2017-07-12,8841.5,46.5,449.5,271.5
2017-07-13,8845.3,49.4,449.4,272.2
2017-07-14,8804.8,46.9,370.6,271.8
2017-07-17,8754.6,49.4,551.0,263.9
2017-07-18,8756.4,46.5,393.5,265.9
2017-07-19,8780.0,49.0,561.3,270.6
2017-07-20,8791.7,49.1,530.8,271.7
2017-07-21,8781.9,46.3,465.8,270.9
2017-07-24,8840.8,48.1,531.6,271.6
2017-07-25,8876.6,48.0,460.5,270.2
2017-07-26,8902.6,46.7,490.1,270.2
2017-07-27,8936.6,46.9,551.1,272.0
2017-07-28,8907.4,46.1,443.8,272.9
2017-07-31,8960.7,48.0,587.0,275.4
2017-08-01,8974.6,50.2,569.5,275.3
2017-08-02,9011.7,49.0,630.1,273.7
2017-08-03,9053.3,45.5,546.1,273.6
2017-08-04,9020.0,46.3,595.4,272.2
2017-08-07,9052.6,45.4,486.1,274.1
2017-08-08,9043.6,48.2,548.2,274.8
2017-08-09,9082.0,48.7,536.1,275.2
2017-08-10,9085.5,47.8,535.9,273.3
2017-08-11,9047.7,45.2,535.9,268.5
2017-08-14,9097.8,46.1,489.9,273.1
2017-08-15,9123.0,48.7,451.8,273.6
2017-08-16,9148.2,47.8,480.0,273.8
2017-08-17,9177.5,49.3,547.3,275.9
2017-08-18,9159.9,46.7,461.6,274.6
2017-08-21,9195.2,45.5,470.9,275.9
2017-08-22,9215.6,47.6,483.3,275.5
2017-08-23,9224.0,47.3,436.2,274.2
2017-08-24,9236.8,47.3,381.2,272.9
2017-08-25,9226.0,47.1,461.1,275.3
2017-08-28,9291.0,50.8,681.6,278.4
2017-08-29,9330.0,47.9,555.5,278.4
2017-08-30,9350.2,49.6,568.2,278.1
2017-08-31,9415.2,46.9,562.2,278.3
2017-09-01,9428.8,47.5,654.0,279.3
2017-09-04,9487.4,45.9,661.2,280.5
2017-09-05,9519.2,49.1,555.9,280.0
2017-09-06,9567.7,50.6,638.4,281.0
2017-09-07,9600.5,48.3,632.3,279.2
2017-09-08,9608.5,46.0,544.7,279.6
2017-09-11,9690.1,45.6,626.6,281.6
2017-09-12,9735.3,46.9,813.0,281.6
2017-09-13,9769.3,48.0,558.0,281.5
2017-09-14,9798.9,48.9,613.5,280.5
2017-09-15,9787.6,45.5,584.5,278.4
2017-09-18,9843.3,45.3,543.4,279.7
2017-09-19,9872.3,45.9,561.6,278.4
2017-09-20,9929.6,45.5,578.3,279.4
2017-09-21,9904.1,47.2,558.8,276.7
2017-09-22,9870.0,44.2,472.0,275.8
2017-09-25,9844.4,44.9,443.1,272.9
2017-09-26,9835.3,45.0,374.5,274.0
2017-09-27,9827.7,43.2,416.7,276.1
2017-09-28,9804.5,42.5,429.1,274.9
2017-09-29,9655.5,37.6,396.1,276.6
2017-10-09,9814.3,43.0,650.9,278.9
2017-10-10,9881.3,43.1,569.0,279.7
2017-10-11,9900.2,45.7,547.3,278.3
2017-10-12,9901.3,47.3,471.0,277.9
2017-10-13,9895.0,43.5,425.5,279.1
2017-10-16,9906.9,44.4,547.7,275.8
2017-10-17,9903.8,43.3,364.0,275.2
2017-10-18,9867.1,46.0,409.4,274.1
2017-10-19,9836.6,45.0,411.7,272.1
2017-10-20,9820.5,43.0,346.7,274.2
2017-10-23,9856.7,43.6,376.5,274.3
2017-10-24,9824.0,46.9,366.1,274.3
2017-10-25,9846.1,45.2,401.4,275.8
2017-10-26,9919.5,47.1,565.3,275.8
2017-10-27,9922.3,45.8,476.9,274.9
2017-10-30,9923.2,47.7,575.1,270.9
2017-10-31,9945.6,47.1,449.2,272.7
2017-11-01,9999.9,50.0,501.8,272.1
2017-11-02,9995.3,47.7,450.1,270.4
2017-11-03,9951.1,46.9,447.0,269.3
2017-11-06,10017.6,46.4,493.7,271.5
2017-11-07,10071.5,51.3,560.6,273.1
2017-11-08,10126.0,49.0,591.5,273.4
2017-11-09,10161.5,49.3,511.3,274.8
2017-11-10,10179.8,49.7,616.1,275.3
2017-11-13,10268.1,52.7,678.4,276.1
2017-11-14,10310.8,51.9,650.0,274.1
2017-11-15,10324.5,51.6,535.7,271.6
2017-11-16,10349.1,51.7,523.6,271.6
2017-11-17,10225.2,53.8,607.9,266.7
2017-11-20,10238.3,52.1,520.5,268.0
2017-11-21,10312.5,55.0,659.6,268.4
2017-11-22,10339.4,54.5,663.9,268.7
2017-11-23,10314.7,52.6,617.5,263.1
2017-11-24,10249.0,48.6,427.0,264.1
2017-11-27,10209.1,48.6,418.1,261.2
2017-11-28,10228.9,47.5,390.7,264.3
2017-11-29,10246.9,52.0,490.4,265.0
2017-11-30,10237.2,49.4,417.6,263.0
2017-12-01,10218.8,46.9,385.6,264.0
2017-12-04,10208.9,48.0,384.7,262.6
2017-12-05,10075.0,48.5,398.4,259.8
2017-12-06,10082.7,47.2,403.9,261.2
2017-12-07,10090.3,45.3,346.6,259.6
2017-12-08,10091.2,45.8,355.5,262.0
2017-12-11,10108.2,47.9,393.4,265.3
2017-12-12,10122.2,47.6,387.4,262.4
2017-12-13,10151.6,48.6,351.8,264.2
2017-12-14,10174.8,50.6,382.9,263.7
2017-12-15,10144.3,46.5,360.8,262.0
2017-12-18,10152.6,47.0,323.0,261.0
2017-12-19,10166.3,47.5,328.5,263.0
2017-12-20,10157.6,48.0,369.4,261.0
2017-12-21,10169.8,48.9,396.8,262.1
2017-12-22,10161.1,47.3,338.0,262.2
2017-12-25,10186.0,50.7,385.4,259.9
2017-12-26,10216.0,47.5,360.8,261.0
2017-12-27,10233.5,46.0,420.7,259.0
2017-12-28,10267.8,47.4,437.3,260.4
2017-12-29,10215.9,45.1,336.0,261.8
2018-01-02,10250.8,46.5,469.5,264.8
2018-01-03,10267.5,47.8,550.4,267.3
2018-01-04,10288.3,49.9,509.2,268.0
2018-01-05,10287.2,49.5,519.0,267.9
2018-01-08,10341.0,52.2,617.9,268.8
2018-01-09,10377.8,51.1,527.0,269.1
2018-01-10,10424.1,52.2,571.2,268.1
2018-01-11,10454.8,52.4,509.0,269.0
2018-01-12,10434.6,51.1,470.7,268.0
2018-01-15,10450.8,54.6,634.8,263.6
2018-01-16,10506.9,52.2,587.1,265.6
2018-01-17,10523.4,55.9,681.5,265.2
2018-01-18,10597.8,55.3,556.3,265.1
2018-01-19,10609.5,54.4,595.4,264.8
2018-01-22,10661.6,54.2,560.8,266.6
2018-01-23,10712.9,55.1,594.8,267.5
2018-01-24,10757.3,54.8,708.5,269.1
2018-01-25,10762.5,53.9,649.3,268.1
2018-01-26,10741.7,52.4,559.7,268.0
2018-01-29,10778.7,51.8,639.6,264.6
2018-01-30,10782.9,50.0,485.1,263.5
2018-01-31,10741.1,50.2,505.3,260.7
2018-02-01,10614.7,52.2,534.8,255.0
2018-02-02,10526.7,50.0,458.1,256.6
2018-02-05,10506.7,52.2,480.3,256.7
2018-02-06,10344.2,51.3,526.8,247.9
2018-02-07,10290.5,49.0,571.4,247.6
2018-02-08,10258.4,46.6,408.5,249.0
2018-02-09,10076.5,44.0,444.0,241.9
2018-02-12,10003.5,46.0,297.4,247.2
2018-02-13,9912.3,46.8,291.7,248.9
2018-02-14,9776.9,41.1,179.0,249.8
2018-02-22,9824.2,51.2,353.3,254.2
2018-02-23,9825.8,51.5,322.5,255.2
2018-02-26,9876.3,53.1,490.8,260.4
2018-02-27,9886.9,51.5,440.3,258.8
2018-02-28,9901.4,51.9,408.0,258.9
2018-03-01,9933.6,50.8,413.1,260.6
2018-03-02,9926.5,48.6,382.6,259.1
2018-03-05,9923.6,49.7,348.2,260.1
2018-03-06,9953.5,53.1,505.4,263.2
2018-03-07,9944.1,54.5,392.6,261.1
2018-03-08,9954.3,52.4,362.6,262.7
2018-03-09,9947.4,52.6,465.6,265.7
2018-03-12,10001.0,53.2,593.8,268.7
2018-03-13,10005.1,51.0,465.3,267.2
2018-03-14,10024.7,50.8,425.2,265.0
2018-03-15,10036.1,52.4,403.0,264.9
2018-03-16,10012.0,49.5,365.8,263.3
2018-03-19,10026.1,51.8,377.4,263.6
2018-03-20,10031.3,51.5,365.1,263.4
2018-03-21,10052.0,53.1,443.2,261.7
2018-03-22,10060.2,49.8,373.9,261.0
2018-03-23,9895.1,49.9,490.4,251.5
2018-03-26,9938.9,48.3,425.7,254.3
2018-03-27,9961.2,50.8,483.3,258.9
2018-03-28,9957.1,51.8,411.8,256.3
2018-03-29,9977.4,53.7,447.6,258.7
2018-03-30,9956.6,52.3,427.1,260.8
2018-04-02,9987.6,53.7,518.8,261.0
2018-04-03,9986.7,50.9,393.4,259.2
2018-04-04,9927.2,48.7,367.1,257.4
2018-04-09,9958.0,50.6,379.5,258.1
2018-04-10,9945.6,55.1,405.6,260.5
2018-04-11,9952.6,55.6,398.7,261.1
2018-04-12,9955.9,54.0,336.1,259.3
2018-04-13,9941.3,53.8,314.1,258.4
2018-04-16,9956.3,54.6,386.3,256.7
2018-04-17,9932.9,52.8,377.6,252.3
2018-04-18,9930.8,54.7,419.0,255.0
2018-04-19,9914.3,56.3,414.3,256.8
2018-04-20,9859.4,54.7,366.1,251.9
2018-04-23,9871.6,54.6,344.8,250.6
2018-04-24,9856.1,56.4,396.4,255.9
2018-04-25,9868.6,54.8,345.4,255.7
2018-04-26,9859.7,53.2,359.9,251.5
2018-04-27,9787.6,51.5,336.9,252.2
2018-05-02,9780.8,53.4,316.6,251.9
2018-05-03,9769.6,54.8,337.7,254.9
2018-05-04,9746.6,54.8,292.3,253.6
2018-05-07,9769.4,57.4,377.4,257.9
2018-05-08,9781.1,60.2,390.9,259.4
2018-05-09,9807.1,57.3,315.7,259.0
2018-05-10,9828.0,58.9,353.1,259.9
2018-05-11,9792.2,57.0,333.5,258.6
2018-05-14,9800.0,59.1,343.0,258.3
2018-05-15,9809.9,59.6,318.2,260.4
2018-05-16,9815.8,59.0,342.2,259.2
2018-05-17,9835.8,57.2,291.7,257.9
2018-05-18,9816.3,58.5,314.3,258.5
2018-05-21,9849.3,60.3,423.0,260.8
2018-05-22,9888.9,59.6,370.5,261.0
2018-05-23,9909.0,59.0,371.3,258.1
2018-05-24,9926.4,58.9,309.5,257.0
2018-05-25,9891.6,58.1,299.6,255.0
2018-05-28,9897.2,59.3,309.1,254.8
2018-05-29,9883.6,60.6,324.4,252.6
2018-05-30,9838.7,59.1,320.4,246.2
2018-05-31,9829.0,61.6,310.2,250.2
2018-06-01,9784.5,60.6,270.1,248.0
2018-06-04,9759.6,61.9,256.3,248.6
2018-06-05,9760.5,63.3,293.2,252.1
2018-06-06,9754.2,64.1,272.9,252.3
2018-06-07,9754.1,64.6,286.1,251.3
2018-06-08,9721.6,61.5,255.8,248.6
2018-06-11,9705.4,63.2,225.7,248.1
2018-06-12,9702.3,65.7,271.1,250.5
2018-06-13,9676.6,64.3,241.9,247.4
2018-06-14,9672.3,66.3,252.4,246.9
2018-06-15,9589.5,63.6,252.5,244.2
2018-06-19,9374.4,64.4,343.8,234.0
2018-06-20,9316.9,61.5,251.5,236.2
2018-06-21,9241.8,63.9,264.3,232.7
2018-06-22,9193.8,60.9,208.4,236.0
2018-06-25,9172.8,64.1,216.6,234.6
2018-06-26,9177.9,63.4,240.6,235.8
2018-06-27,9163.5,65.1,234.1,233.5
2018-06-28,9143.7,63.7,208.8,232.4
2018-06-29,9127.7,65.6,259.8,238.5
2018-07-02,9109.7,65.6,263.7,234.5
2018-07-03,9125.3,66.1,300.5,237.2
2018-07-04,9071.9,65.8,200.4,234.3
2018-07-05,9022.9,66.0,207.4,230.2
2018-07-06,8987.2,66.5,255.2,231.7
2018-07-09,8968.8,69.4,235.5,237.1
2018-07-10,8962.0,71.0,229.1,238.6
2018-07-11,8919.3,69.4,225.5,234.5
2018-07-12,8940.8,70.9,318.8,240.4
2018-07-13,8905.2,69.3,246.3,241.2
2018-07-16,8908.7,69.7,236.7,240.9
2018-07-17,8918.0,68.5,231.8,241.0
2018-07-18,8910.2,69.3,242.6,239.5
2018-07-19,8891.2,70.0,216.4,238.2
2018-07-20,8863.3,72.9,272.0,241.3
2018-07-23,8847.1,75.3,332.6,243.9
2018-07-24,8845.2,75.3,424.9,248.2
2018-07-25,8856.1,76.2,316.0,248.1
2018-07-26,8877.0,75.2,293.6,246.3
2018-07-27,8850.0,74.2,220.9,245.1
2018-07-30,8848.3,74.5,246.6,243.4
2018-07-31,8842.5,74.4,198.5,243.5
2018-08-01,8826.2,75.5,253.4,239.5
2018-08-02,8805.9,72.1,283.2,235.1
2018-08-03,8763.9,70.4,189.6,232.2
2018-08-06,8736.1,70.6,210.3,229.3
2018-08-07,8715.5,75.0,243.9,235.8
2018-08-08,8687.6,73.8,220.2,232.5
2018-08-09,8694.0,75.1,279.5,237.9
2018-08-10,8661.2,72.4,207.6,238.8
2018-08-13,8673.3,73.0,243.2,239.4
2018-08-14,8679.2,73.1,204.6,238.5
2018-08-15,8675.6,73.7,211.6,234.0
2018-08-16,8674.7,73.5,215.8,232.5
2018-08-17,8639.0,71.4,195.5,229.5
2018-08-20,8620.7,73.4,195.8,231.4
2018-08-21,8591.5,75.5,206.2,234.0
2018-08-22,8574.0,74.4,158.5,232.2
2018-08-23,8575.8,75.4,203.3,233.4
2018-08-24,8548.8,74.6,176.7,233.2
2018-08-27,8550.0,76.6,263.4,238.3
2018-08-28,8545.3,75.6,223.0,238.6
2018-08-29,8547.3,75.8,193.1,237.8
2018-08-30,8540.4,74.9,192.2,234.8
2018-08-31,8501.9,73.9,173.4,233.4
2018-09-03,8496.3,75.9,177.1,233.5
2018-09-04,8497.5,77.6,217.4,236.1
2018-09-05,8490.6,76.3,193.7,232.9
2018-09-06,8492.6,76.0,189.0,231.8
2018-09-07,8460.2,75.3,199.3,232.2
2018-09-10,8432.6,74.4,174.8,228.7
2018-09-11,8421.3,73.5,155.9,229.1
2018-09-12,8423.2,72.6,158.1,229.1
2018-09-13,8420.1,73.3,204.9,231.4
2018-09-14,8377.9,73.8,166.5,230.3
2018-09-17,8359.3,73.5,141.9,227.7
2018-09-18,8358.0,77.4,203.7,231.9
2018-09-19,8328.7,79.0,238.2,234.7
2018-09-20,8305.9,77.9,174.5,234.1
2018-09-21,8263.6,79.0,264.6,238.6
2018-09-25,8274.9,76.8,211.6,238.0
2018-09-26,8257.9,80.0,253.9,239.1
2018-09-27,8232.7,77.6,210.0,237.1
2018-09-28,8151.6,76.6,198.9,239.1
2018-10-08,8199.7,74.8,275.7,231.4
2018-10-09,8199.9,76.8,178.1,232.0
2018-10-10,8197.8,77.0,179.7,231.9
2018-10-11,8056.5,72.7,266.5,220.4
2018-10-12,7930.8,73.0,212.1,222.3
2018-10-15,7880.9,73.1,164.3,219.8
2018-10-16,7796.0,73.0,168.9,217.6
2018-10-17,7750.7,73.8,190.9,219.9
2018-10-18,7699.7,72.7,154.8,215.6
2018-10-19,7648.6,74.5,208.3,221.1
2018-10-22,7655.4,80.4,355.3,231.6
2018-10-23,7666.1,78.4,291.6,227.9
2018-10-24,7666.7,80.9,240.9,228.6
2018-10-25,7658.4,80.7,233.8,228.8
2018-10-26,7642.2,78.8,219.4,228.7
2018-10-29,7650.8,77.4,204.2,225.2
2018-10-30,7629.1,80.8,248.5,228.2
2018-10-31,7621.1,82.0,243.1,231.2
2018-11-01,7617.6,83.9,310.4,232.2
2018-11-02,7591.1,85.6,357.7,239.0
2018-11-05,7610.4,83.5,316.4,239.5
2018-11-06,7621.1,83.4,238.0,239.0
2018-11-07,7623.2,82.5,264.7,238.1
2018-11-08,7616.8,83.1,219.3,237.2
2018-11-09,7614.0,80.3,200.8,235.6
2018-11-12,7639.1,83.6,263.9,240.8
2018-11-13,7650.4,85.5,377.0,244.6
2018-11-14,7670.5,84.1,325.2,243.8
2018-11-15,7690.6,85.9,321.3,247.3
2018-11-16,7678.8,83.9,397.7,249.3
2018-11-19,7709.3,84.3,388.4,251.0
2018-11-20,7733.5,81.8,356.8,244.7
2018-11-21,7737.1,81.2,272.0,245.2
2018-11-22,7739.2,83.2,230.1,244.9
2018-11-23,7687.9,77.4,250.2,237.3
2018-11-26,7677.8,80.2,178.8,237.2
2018-11-27,7676.7,81.2,179.8,238.2
2018-11-28,7671.5,81.4,223.3,241.1
2018-11-29,7647.5,80.1,227.1,236.7
2018-11-30,7621.1,80.3,183.1,238.7
2018-12-03,7630.0,84.5,349.1,245.3
2018-12-04,7631.0,84.3,257.4,246.6
2018-12-05,7632.4,83.7,242.7,245.2
2018-12-06,7646.5,80.8,243.8,240.9
2018-12-07,7631.7,79.3,166.0,241.4
2018-12-10,7639.5,78.7,172.3,238.7
2018-12-11,7634.7,77.3,149.1,240.4
2018-12-12,7626.9,78.5,153.7,240.6
2018-12-13,7627.7,81.4,241.4,243.1
2018-12-14,7589.1,76.9,202.2,238.1
2018-12-17,7598.8,76.2,174.6,238.1
2018-12-18,7599.7,74.8,164.3,236.4
2018-12-19,7581.9,72.3,142.6,234.1
2018-12-20,7595.5,71.3,178.2,234.2
2018-12-21,7576.6,68.6,158.1,232.3
2018-12-24,7578.3,70.0,145.3,233.8
2018-12-25,7565.6,70.2,199.0,232.1
2018-12-26,7560.0,69.8,155.1,231.4
2018-12-27,7551.8,70.9,182.5,229.2
2018-12-28,7489.9,67.9,140.1,230.5
2019-01-02,7497.7,66.9,158.6,229.2
2019-01-03,7489.8,68.3,167.8,228.9
2019-01-04,7501.8,70.1,253.4,235.0
2019-01-07,7509.8,72.1,266.5,238.7
2019-01-08,7504.1,72.9,215.2,238.4
2019-01-09,7493.4,74.3,290.3,239.6
2019-01-10,7490.2,72.1,220.8,239.1
2019-01-11,7472.6,72.1,200.3,240.7
2019-01-14,7477.9,71.7,192.5,239.4
2019-01-15,7471.0,73.7,239.9,242.7
2019-01-16,7447.2,73.0,213.8,242.3
2019-01-17,7434.9,72.7,218.7,240.5
2019-01-18,7402.3,72.5,241.1,242.6
2019-01-21,7399.7,72.7,244.3,243.8
2019-01-22,7414.8,69.2,212.3,241.2
2019-01-23,7410.4,68.9,167.6,241.4
2019-01-24,7403.0,70.3,223.7,242.6
2019-01-25,7351.1,69.8,216.4,242.3
2019-01-28,7330.1,69.4,221.2,241.5
2019-01-29,7303.9,67.8,207.7,239.5
2019-01-30,7270.5,64.1,159.6,237.4
2019-01-31,7219.0,62.8,203.1,236.4
2019-02-01,7109.3,60.4,180.9,241.0
2019-02-11,7160.0,65.7,291.2,247.1
2019-02-12,7193.0,67.6,320.5,249.6
2019-02-13,7243.3,72.5,449.8,254.3
2019-02-14,7281.1,72.4,378.9,254.9
2019-02-15,7323.9,68.3,381.0,252.6
2019-02-18,7375.0,76.4,507.4,260.5
2019-02-19,7435.0,75.1,565.7,261.0
2019-02-20,7480.3,75.7,459.2,260.7
2019-02-21,7517.8,77.9,580.9,259.6
2019-02-22,7572.1,78.5,614.3,265.4
2019-02-25,7751.7,87.3,1101.9,277.8
2019-02-26,7849.2,84.7,1140.7,276.9
2019-02-27,7947.8,83.2,911.4,275.2
2019-02-28,7965.0,80.5,616.1,274.9
2019-03-01,7962.3,82.7,649.5,277.5
2019-03-04,8070.4,90.1,1115.2,281.0
2019-03-05,8203.1,89.3,926.3,285.2
2019-03-06,8332.9,93.2,1157.9,288.5
2019-03-07,8495.0,90.8,1249.3,289.2
2019-03-08,8551.4,82.9,1167.7,277.4
2019-03-11,8684.6,85.2,964.2,285.2
2019-03-12,8772.4,88.4,1152.5,287.6
2019-03-13,8811.6,86.3,1013.2,282.5
2019-03-14,8800.0,82.4,738.7,277.2
2019-03-15,8773.2,84.0,698.9,280.4
2019-03-18,8835.8,90.5,850.8,286.8
2019-03-19,8891.4,89.2,782.2,286.4
2019-03-20,8928.0,91.5,788.3,285.2
2019-03-21,9022.8,92.1,942.4,285.6
2019-03-22,9016.8,89.8,783.1,285.8
2019-03-25,9095.0,87.8,833.8,281.6
2019-03-26,9083.3,83.1,699.8,275.9
2019-03-27,9105.5,85.1,610.4,278.1
2019-03-28,9113.9,84.6,619.6,274.9
2019-03-29,9132.2,88.9,842.8,283.2
2019-04-01,9214.8,96.6,1109.9,290.9
2019-04-02,9294.5,93.3,1097.2,291.3
2019-04-03,9353.6,97.1,982.4,293.5
2019-04-04,9370.1,95.5,1066.6,294.1
2019-04-08,9511.4,97.9,1180.5,292.3
2019-04-09,9556.0,96.6,856.2,292.3
2019-04-10,9602.8,98.2,916.3,291.3
2019-04-11,9599.6,92.5,775.2,285.7
2019-04-12,9571.5,89.0,592.0,285.1
2019-04-15,9591.1,93.3,762.9,283.3
2019-04-16,9664.8,95.2,809.1,289.4
2019-04-17,9718.7,94.8,825.1,289.9
2019-04-18,9741.5,95.1,736.1,288.1
2019-04-19,9755.8,95.8,744.0,289.2
2019-04-22,9800.9,94.0,834.4,284.0
2019-04-23,9784.9,93.4,653.7,281.5
2019-04-24,9822.7,91.8,618.4,283.4
2019-04-25,9769.2,88.3,636.6,275.0
2019-04-26,9738.9,81.1,533.5,272.2
2019-04-29,9643.0,82.0,520.7,267.1
2019-04-30,9524.9,73.8,375.0,269.4
2019-05-06,9419.6,71.2,547.7,253.5
2019-05-07,9372.8,73.3,398.4,257.2
2019-05-08,9362.6,71.8,364.8,256.2
2019-05-09,9346.8,68.1,322.8,253.7
2019-05-10,9342.3,76.1,538.6,262.6
2019-05-13,9310.2,72.6,364.1,260.0
2019-05-14,9300.2,72.9,328.3,258.7
2019-05-15,9301.8,77.2,430.1,263.6
2019-05-16,9299.3,79.9,419.8,265.1
2019-05-17,9244.7,72.8,419.0,257.3
2019-05-20,9242.2,73.0,349.4,256.3
2019-05-21,9252.3,76.7,381.9,260.3
2019-05-22,9234.6,76.6,346.1,258.9
2019-05-23,9206.4,75.2,336.7,254.4
2019-05-24,9163.7,72.6,260.9,253.5
2019-05-27,9209.0,77.1,388.8,258.9
2019-05-28,9187.6,78.3,371.8,259.9
2019-05-29,9190.9,78.8,351.2,260.2
2019-05-30,9184.5,77.6,333.5,258.6
2019-05-31,9147.9,76.7,311.9,258.3
2019-06-03,9131.6,77.1,326.0,256.0
2019-06-04,9095.2,73.6,276.2,253.8
2019-06-05,9073.3,76.5,291.3,254.0
2019-06-06,9017.9,71.8,261.2,249.5
2019-06-10,9012.8,77.0,274.8,252.3
2019-06-11,9029.7,83.0,475.7,260.9
2019-06-12,9047.5,79.6,412.7,259.6
2019-06-13,9064.1,81.1,340.8,260.5
2019-06-14,9018.6,77.9,303.3,256.8
2019-06-17,9019.0,80.1,233.7,256.0
2019-06-18,9006.0,80.6,212.5,257.0
2019-06-19,8997.7,85.0,415.5,260.4
2019-06-20,9020.1,90.6,527.4,265.4
2019-06-21,9010.9,88.3,503.6,267.9
2019-06-24,9051.0,88.5,403.9,267.9
2019-06-25,9066.8,87.3,428.6,265.7
2019-06-26,9062.3,86.7,284.4,265.0
2019-06-27,9065.4,91.2,388.3,267.5
2019-06-28,9019.4,88.4,315.1,264.9
2019-07-01,9068.9,93.8,592.0,271.2
2019-07-02,9083.4,94.7,433.7,270.9
2019-07-03,9112.0,93.3,416.2,268.5
2019-07-04,9113.3,94.0,342.8,268.5
2019-07-05,9092.4,92.5,283.6,268.1
2019-07-08,9084.9,90.7,365.8,261.0
2019-07-09,9074.7,91.1,253.0,261.6
2019-07-10,9068.1,92.6,239.0,260.8
2019-07-11,9045.5,94.1,261.7,260.9
2019-07-12,9023.12,93.25,241.39,261.71
2019-07-15,9046.12,96.23,348.65,264.25
2019-07-16,9043.95,92.12,261.09,264.72
2019-07-17,9053.42,93.59,312.04,266.11
2019-07-18,9035.39,91.71,270.82,261.24
2019-07-19,9013.58,90.75,272.41,262.65
2019-07-22,8982.5,98.13,267.45,258.18
2019-07-23,8967.28,98.66,217.17,260.27
2019-07-24,8974.42,103.85,304.01,262.72
2019-07-25,8979.12,107.94,309.16,264.11
2019-07-26,8960.02,107.84,256.92,264.13
2019-07-29,8984.44,110.02,267.45,263.8
2019-07-30,8979.45,110.8,306.25,265.04
2019-07-31,8974.65,111.25,268.78,263.33
2019-08-01,8980.59,109.95,270.29,261.68
2019-08-02,8946.17,108.99,326.61,258.64
2019-08-05,8950.15,111.22,307.35,255.43
2019-08-06,8902.54,109.29,364.19,251.66
2019-08-07,8865.22,112.12,232.89,252.01
2019-08-08,8846.38,118.67,242.19,253.44
2019-08-09,8808.17,117.83,247.54,250.94
2019-08-12,8817.87,122.88,263.62,255.14
2019-08-13,8822.4,122.95,248.96,253.61
2019-08-14,8831.48,122.91,308.13,254.82
2019-08-15,8822.42,123.19,290.55,256.41
2019-08-16,8822.27,116.86,333.15,257.34
2019-08-19,8930.3,124.16,566.35,263.97
2019-08-20,8975.16,123.17,475.25,263.44
2019-08-21,9005.97,123.86,395.62,262.63
2019-08-22,9039.46,125.43,385.7,263.17
2019-08-23,9030.21,125.98,402.51,263.16
2019-08-26,9070.05,122.93,407.27,261.08
2019-08-27,9087.6,128.27,497.66,264.99
2019-08-28,9114.71,126.28,435.17,264.0
2019-08-29,9145.53,127.39,417.28,263.61
2019-08-30,9134.56,128.83,484.22,261.51
2019-09-02,9181.57,132.76,511.79,266.17
2019-09-03,9208.81,134.98,517.09,267.43
2019-09-04,9242.4,134.94,582.81,270.04
2019-09-05,9308.75,137.86,815.84,272.01
2019-09-06,9317.64,135.47,602.77,272.69
2019-09-09,9427.66,139.39,758.99,276.96
2019-09-10,9480.21,137.68,714.17,276.21
2019-09-11,9510.03,140.14,639.63,274.31
2019-09-12,9468.39,136.64,503.12,276.42
2019-09-16,9546.55,137.87,592.7,276.25
2019-09-17,9562.27,129.88,547.54,270.88
2019-09-18,9574.21,131.66,435.45,270.61
2019-09-19,9602.01,135.63,459.54,272.73
2019-09-20,9577.09,135.67,483.66,272.54
2019-09-23,9604.52,134.41,476.52,270.1
2019-09-24,9604.28,134.31,528.02,270.54
2019-09-25,9572.46,130.07,466.45,267.11
2019-09-26,9521.32,126.15,452.4,262.07
2019-09-27,9473.83,121.87,324.8,263.67
2019-09-30,9372.55,116.31,257.1,261.38
2019-10-08,9426.17,124.8,333.9,261.64
2019-10-09,9441.5,127.48,310.9,263.38
2019-10-10,9467.81,133.34,377.38,266.29
2019-10-11,9444.19,137.04,411.7,267.46
2019-10-14,9507.62,143.07,534.09,270.5
2019-10-15,9494.18,141.61,394.63,267.82
2019-10-16,9502.45,142.55,373.7,266.55
2019-10-17,9503.36,143.61,304.8,266.41
2019-10-18,9471.23,140.02,345.47,262.85
2019-10-21,9474.24,140.1,288.77,262.26
2019-10-22,9485.34,138.26,294.14,264.71
2019-10-23,9492.18,138.49,308.25,262.98
2019-10-24,9504.68,135.78,303.18,263.17
2019-10-25,9507.85,134.04,369.47,265.02
2019-10-28,9562.0,137.34,503.26,269.14
2019-10-29,9555.35,135.05,478.96,266.24
2019-10-30,9553.82,133.98,390.14,264.33
2019-10-31,9532.28,133.65,373.56,264.58
2019-11-01,9531.88,136.9,390.27,265.12
2019-11-04,9551.17,139.34,437.4,266.17
2019-11-05,9566.95,141.18,446.78,267.39
2019-11-06,9568.3,141.09,410.88,265.61
2019-11-07,9580.72,142.76,361.92,266.86
2019-11-08,9561.92,140.12,413.83,265.7
2019-11-11,9545.23,134.47,360.48,260.9
2019-11-12,9539.39,134.8,302.45,261.38
2019-11-13,9549.83,136.22,308.69,260.88
2019-11-14,9569.14,138.21,342.29,262.22
2019-11-15,9535.12,134.08,333.0,260.05
2019-11-18,9546.14,136.6,308.35,261.99
2019-11-19,9578.01,137.52,379.86,265.93
2019-11-20,9584.69,135.51,382.61,263.43
2019-11-21,9592.18,135.36,309.88,262.9
2019-11-22,9554.16,132.6,413.86,260.88
2019-11-25,9550.82,134.84,361.6,261.31
2019-11-26,9519.62,135.56,281.76,261.5
2019-11-27,9537.52,135.54,308.17,261.2
2019-11-28,9524.76,135.33,259.97,260.6
2019-11-29,9519.79,130.31,291.2,260.16
2019-12-02,9533.57,130.9,291.82,260.5
2019-12-03,9555.75,130.69,302.25,261.7
2019-12-04,9563.84,130.63,319.97,262.0
2019-12-05,9588.33,131.96,397.79,264.4
2019-12-06,9590.95,132.27,376.01,265.9
2019-12-09,9626.76,132.79,446.06,266.3
2019-12-10,9649.44,135.0,425.36,267.4
2019-12-11,9667.31,135.19,435.36,266.6
2019-12-12,9682.06,133.29,409.02,266.0
2019-12-13,9678.4,134.67,528.81,269.78
2019-12-16,9771.24,135.78,669.06,273.0
2019-12-17,9854.67,138.61,820.57,275.7
2019-12-18,9929.6,138.25,707.28,275.1
2019-12-19,9968.63,137.74,572.45,275.2
2019-12-20,9946.11,134.9,548.89,272.7
2019-12-23,9966.83,129.83,514.48,268.1
2019-12-24,9965.73,131.55,441.26,271.8
2019-12-25,9983.06,135.12,517.07,272.5
2019-12-26,10012.58,137.01,538.58,274.8
2019-12-27,9994.82,135.96,651.2,273.1
2019-12-30,10054.52,139.33,643.68,275.53
2019-12-31,10054.69,137.38,538.15,276.6
2020-01-02,10106.54,143.6,825.39,280.1
2020-01-03,10122.11,138.98,717.29,280.6
2020-01-06,10227.21,143.96,885.69,280.9
2020-01-07,10270.87,144.59,759.46,283.5
2020-01-08,10301.56,137.5,822.98,279.3
2020-01-09,10332.69,139.11,731.96,282.4
2020-01-10,10320.43,135.51,639.55,282.1
2020-01-13,10376.59,137.89,719.43,284.8
2020-01-14,10402.21,137.79,739.19,284.2
2020-01-15,10430.76,132.06,635.63,283.5
2020-01-16,10439.07,127.13,614.47,282.6
2020-01-17,10411.3,126.22,596.56,282.3
2020-01-20,10450.14,127.59,740.96,284.5
2020-01-21,10444.15,120.37,725.04,280.5
2020-01-22,10442.58,115.2,746.51,281.9
2020-01-23,10269.1,100.71,787.19,273.5
2020-02-03,10155.47,82.94,486.72,254.8
2020-02-04,10141.07,82.21,835.32,260.8
2020-02-05,10149.09,84.55,835.13,266.2
2020-02-06,10238.62,85.44,939.87,272.4
2020-02-07,10273.23,84.97,930.76,273.9
2020-02-10,10325.06,92.87,890.87,276.4
2020-02-11,10306.07,101.84,754.08,276.0
2020-02-12,10372.38,113.37,848.12,279.3
2020-02-13,10397.44,116.9,919.4,277.0
2020-02-14,10389.28,120.66,872.74,278.1
2020-02-17,10507.96,128.05,1054.86,284.7
2020-02-18,10620.39,130.26,1103.79,286.4
2020-02-19,10645.76,134.75,1130.39,284.0
2020-02-20,10755.69,141.54,1217.76,287.6
2020-02-21,10828.06,145.64,1342.45,288.6
2020-02-24,10963.32,150.77,1395.61,291.3
2020-02-25,11077.7,153.31,1611.58,291.2
2020-02-26,11108.98,153.39,1461.46,284.5
2020-02-27,11092.32,154.95,1074.56,284.6
2020-02-28,10878.6,144.33,1035.66,273.7
2020-03-02,10962.82,152.38,1107.64,282.2
2020-03-03,11020.23,159.86,1277.27,284.1
2020-03-04,11051.31,160.57,1003.27,285.2
2020-03-05,11150.44,170.14,1287.69,288.8
2020-03-06,11107.98,161.97,952.31,287.1
2020-03-09,11078.68,157.6,1050.84,278.2
2020-03-10,11132.41,159.55,1096.11,284.4
2020-03-11,11113.12,163.11,951.73,280.6
2020-03-12,11079.04,160.92,781.71,276.4
2020-03-13,10994.3,157.27,883.84,275.3
2020-03-16,10821.18,154.57,830.41,265.6
2020-03-17,10837.27,149.67,743.3,265.7
2020-03-18,10745.83,158.7,752.11,262.3
2020-03-19,10788.89,155.1,751.62,263.6
2020-03-20,10730.73,158.49,615.22,265.4
2020-03-23,10631.96,155.68,550.65,256.5
2020-03-24,10623.63,159.62,610.33,261.7
2020-03-25,10636.51,171.0,700.12,267.5
2020-03-26,10594.65,175.13,543.65,265.4
2020-03-27,10537.05,176.01,544.37,264.5
2020-03-30,10500.49,172.15,521.52,260.7
2020-03-31,10474.06,177.14,464.33,261.2
2020-04-01,10429.78,181.84,487.11,260.2
2020-04-02,10443.17,185.73,529.72,266.1
2020-04-03,10374.73,181.9,466.49,264.4
2020-04-07,10429.54,190.91,696.95,271.1
2020-04-08,10426.24,194.14,585.98,271.0
2020-04-09,10444.55,203.41,623.15,272.2
2020-04-10,10378.27,200.18,581.4,267.5
2020-04-13,10373.6,199.98,431.9,265.1
2020-04-14,10376.56,204.99,506.64,270.4
2020-04-15,10378.34,203.26,557.84,269.0
2020-04-16,10399.64,203.04,519.32,270.5
2020-04-17,10376.81,204.98,673.2,271.0
2020-04-20,10414.03,210.17,554.54,272.9
2020-04-21,10424.63,210.56,578.26,270.7
2020-04-22,10454.75,216.9,535.34,272.1
2020-04-23,10453.31,218.8,578.49,270.9
2020-04-24,10388.1,214.26,496.78,268.4
2020-04-27,10368.86,217.32,456.25,267.4
2020-04-28,10326.17,218.15,569.68,266.7
2020-04-29,10285.15,217.96,470.67,267.2
2020-04-30,10216.0,213.72,630.63,271.5
2020-05-06,10334.91,222.77,692.52,274.8
2020-05-07,10394.43,229.37,619.58,273.6
2020-05-08,10409.4,233.46,653.04,275.7
2020-05-11,10471.06,239.5,643.97,275.1
2020-05-12,10500.51,240.49,534.48,275.4
2020-05-13,10531.33,247.24,517.31,276.1
2020-05-14,10548.57,248.72,540.08,273.3
2020-05-15,10542.94,248.54,561.76,274.3
2020-05-18,10552.81,252.11,653.1,273.1
2020-05-19,10588.8,257.08,604.33,277.1
2020-05-20,10588.37,255.13,603.7,276.2
2020-05-21,10581.94,252.73,530.41,269.9
2020-05-22,10532.63,246.64,479.16,265.2
2020-05-25,10534.85,245.05,381.15,270.6
2020-05-26,10559.29,251.14,430.13,270.1
2020-05-27,10554.65,254.42,457.57,269.9
2020-05-28,10546.25,258.56,469.13,269.3
2020-05-29,10518.88,261.01,445.47,269.6
2020-06-01,10619.97,268.99,723.97,276.4
2020-06-02,10661.33,269.05,687.19,277.5
2020-06-03,10688.97,268.6,703.65,279.2
2020-06-04,10708.32,269.03,573.45,277.2
2020-06-05,10698.18,267.7,542.31,277.4
2020-06-08,10743.24,270.2,613.66,278.4
2020-06-09,10760.35,272.06,549.43,278.8
2020-06-10,10780.76,273.51,533.77,278.6
2020-06-11,10809.74,274.84,655.66,276.8
2020-06-12,10807.4,271.28,588.03,277.1
2020-06-15,10850.39,272.66,681.77,275.9
2020-06-16,10921.92,280.1,678.55,279.5
2020-06-17,10958.01,289.09,683.22,279.6
2020-06-18,11006.76,296.31,745.8,280.1
2020-06-19,11007.36,297.11,754.71,281.3
2020-06-22,11114.27,303.24,862.5,281.5
2020-06-23,11155.66,311.82,754.36,281.8
2020-06-24,11104.95,309.96,687.07,281.6
2020-06-29,11193.71,309.53,725.56,279.9
2020-06-30,11313.35,322.74,864.2,282.9
2020-07-01,11421.49,339.73,1036.89,284.1
2020-07-02,11550.08,351.27,1174.51,287.8
2020-07-03,11667.63,359.39,1319.93,290.6
2020-07-06,12035.02,379.02,1881.4,300.0
2020-07-07,12299.23,382.38,2037.38,300.0
2020-07-08,12606.69,402.9,1867.75,303.7
2020-07-09,12846.43,414.57,2101.42,307.4
2020-07-10,13013.41,405.67,1888.83,302.7
2020-07-13,13318.77,424.41,2034.58,308.3
2020-07-14,13449.75,423.86,1924.57,304.5
2020-07-15,13464.56,420.96,1688.74,296.9
2020-07-16,13418.93,405.43,1481.18,284.3
2020-07-17,13347.91,411.86,1017.79,285.2
2020-07-20,13445.18,440.52,1232.94,293.1
2020-07-21,13448.76,453.07,1100.83,292.5
2020-07-22,13503.42,470.46,1243.96,293.6
2020-07-23,13580.46,480.24,1299.08,292.9
2020-07-24,13411.2,464.44,1257.99,282.1
2020-07-27,13449.25,470.67,874.84,282.6
2020-07-28,13458.46,486.09,841.51,284.6
2020-07-29,13583.03,508.88,1097.66,291.1
2020-07-30,13652.47,515.68,1114.76,289.9
2020-07-31,13719.47,526.91,1181.41,292.4
2020-08-03,13940.82,550.82,1483.82,297.0
2020-08-04,13979.43,555.09,1436.47,294.6
2020-08-05,14087.26,573.73,1268.01,296.2
2020-08-06,14126.37,592.02,1379.63,295.6
2020-08-07,14036.33,598.79,1273.28,292.2
2020-08-10,14083.37,616.34,1193.65,292.5
2020-08-11,14028.31,608.08,1088.45,288.0
2020-08-12,13990.55,611.65,970.11,285.8
2020-08-13,14005.6,620.82,799.14,286.0
2020-08-14,13937.09,621.18,765.63,289.2
2020-08-17,14100.1,642.64,1245.23,293.7
2020-08-18,14172.15,643.91,1082.7,294.0
2020-08-19,14170.16,642.93,1070.9,289.1
2020-08-20,14156.56,637.64,775.83,285.3
2020-08-21,14138.52,644.8,771.49,286.1
2020-08-24,14200.88,659.19,821.96,287.6
2020-08-25,14189.53,662.85,811.85,287.1
2020-08-26,14126.18,656.97,828.92,282.6
2020-08-27,14145.5,670.02,716.93,284.8
2020-08-28,14157.74,689.18,866.15,288.5
2020-08-31,14256.66,698.05,1029.03,287.4
2020-09-01,14282.91,707.0,757.89,288.3
2020-09-02,14362.84,726.03,898.06,288.2
2020-09-03,14361.28,735.51,806.27,285.9
2020-09-04,14332.72,731.62,691.67,285.3
2020-09-07,14314.0,722.33,853.36,280.9
2020-09-08,14296.24,731.47,748.27,282.7
2020-09-09,14254.08,717.55,797.49,276.3
2020-09-10,14144.25,719.07,619.39,271.5
2020-09-11,14112.89,730.81,519.42,274.6
2020-09-14,14131.99,750.72,603.13,276.9
2020-09-15,14140.54,769.54,579.53,278.3
2020-09-16,14132.34,779.45,529.96,276.4
2020-09-17,14155.24,793.15,633.6,277.0
2020-09-18,14167.45,818.69,723.8,280.3
2020-09-21,14179.7,825.87,637.64,279.1
2020-09-22,14174.6,835.63,585.38,275.7
2020-09-23,14199.14,858.33,557.13,277.0
2020-09-24,14186.23,849.38,536.93,271.7
2020-09-25,14141.52,849.01,445.66,271.1
2020-09-28,14090.67,853.96,385.78,269.0
2020-09-29,14052.91,850.99,419.18,271.0
2020-09-30,13885.96,835.95,378.45,270.5
2020-10-09,13994.57,860.7,644.76,276.5
2020-10-12,14113.5,910.05,930.37,283.7
2020-10-13,14200.45,935.04,786.48,283.9
2020-10-14,14268.0,946.3,687.93,281.5
2020-10-15,14279.01,966.15,630.88,279.9
2020-10-16,14238.2,973.87,550.24,279.3
2020-10-19,14256.76,981.63,615.63,277.6
2020-10-20,14283.8,998.37,537.84,278.9
2020-10-21,14274.75,1013.24,543.45,276.6
2020-10-22,14292.39,1001.66,537.41,275.5
2020-10-23,14195.58,983.56,550.51,272.2
2020-10-26,14170.77,988.77,511.33,272.0
2020-10-27,14171.78,992.59,451.19,272.9
2020-10-28,14199.1,1014.73,587.35,273.7
2020-10-29,14224.17,1036.0,641.48,274.1
2020-10-30,14148.41,1036.61,689.83,269.4
2020-11-02,14163.35,1053.82,645.2,269.8
2020-11-03,14193.65,1081.87,652.61,274.1
2020-11-04,14230.03,1098.68,601.07,274.0
2020-11-05,14284.43,1116.02,783.61,277.9
2020-11-06,14285.03,1117.53,780.11,276.5
2020-11-09,14393.2,1144.89,1056.02,281.8
2020-11-10,14416.99,1151.05,874.52,279.0
2020-11-11,14400.2,1137.9,764.61,275.7
2020-11-12,14396.37,1145.27,607.11,275.9
2020-11-13,14388.97,1144.24,635.9,275.6
2020-11-16,14443.3,1163.1,705.22,277.8
2020-11-17,14458.64,1173.79,757.39,276.3
2020-11-18,14474.16,1177.69,719.53,276.7
2020-11-19,14463.48,1176.15,638.54,278.0
2020-11-20,14451.36,1181.58,650.83,278.3
2020-11-23,14541.46,1195.34,939.8,279.6
2020-11-24,14586.78,1183.66,778.41,279.2
2020-11-25,14604.38,1162.78,796.87,275.6
2020-11-26,14573.22,1163.27,620.88,275.1
2020-11-27,14524.15,1177.6,622.45,276.0
2020-11-30,14571.4,1174.87,914.92,276.0
2020-12-01,14629.62,1189.73,837.63,279.6
2020-12-02,14695.0,1196.39,858.7,279.3
2020-12-03,14701.14,1177.78,766.71,279.1
2020-12-04,14690.68,1175.01,683.45,279.4
2020-12-07,14739.76,1161.56,701.06,278.0
2020-12-08,14740.39,1158.01,621.35,277.8
2020-12-09,14691.36,1146.07,688.93,273.7
2020-12-10,14685.7,1153.27,592.85,273.6
2020-12-11,14638.61,1143.29,646.87,270.6
2020-12-14,14667.01,1160.67,578.36,272.5
2020-12-15,14669.12,1175.13,586.57,273.1
2020-12-16,14674.67,1191.12,579.45,271.6
2020-12-17,14702.2,1217.31,708.44,274.4
2020-12-18,14715.99,1224.93,695.64,273.0
2020-12-21,14776.41,1239.09,837.12,276.4
2020-12-22,14784.94,1232.97,903.58,271.3
2020-12-23,14823.87,1254.1,863.84,273.0
2020-12-24,14825.1,1268.27,773.51,270.8
2020-12-25,14828.28,1285.05,766.1,272.9
2020-12-28,14857.7,1294.71,787.72,272.4
2020-12-29,14795.04,1295.06,738.07,271.3
2020-12-30,14830.65,1333.55,781.41,273.5
2020-12-31,14819.95,1369.73,911.63,277.3
2021-01-04,15059.72,1379.13,1251.23,280.5
2021-01-05,15155.43,1401.1,1294.2,282.2
2021-01-06,15211.31,1420.56,1148.08,280.7
2021-01-07,15274.53,1455.16,1215.93,279.9
2021-01-08,15263.85,1462.06,1093.19,279.7
2021-01-11,15288.28,1447.74,1182.77,275.9
2021-01-12,15370.58,1473.84,1160.1,280.1
2021-01-13,15402.3,1458.29,1306.89,278.5
2021-01-14,15386.48,1439.73,1126.29,276.3
2021-01-15,15365.06,1436.15,994.83,275.9
2021-01-18,15444.76,1447.61,1011.89,279.3
2021-01-19,15480.2,1432.11,1018.29,277.4
2021-01-20,15528.67,1456.26,889.37,278.4
2021-01-21,15608.8,1486.29,1130.05,279.6
2021-01-22,15603.03,1481.48,1115.87,279.2
2021-01-25,15664.86,1491.13,1248.69,278.8
2021-01-26,15602.61,1461.65,947.5,275.2
2021-01-27,15595.69,1464.58,839.54,275.8
2021-01-28,15551.66,1428.23,827.1,270.9
2021-01-29,15401.83,1422.39,803.61,268.8
2021-02-01,15382.58,1422.5,738.54,270.9
2021-02-02,15382.31,1442.01,813.25,273.2
2021-02-03,15370.19,1441.02,890.04,271.7
2021-02-04,15280.26,1427.59,830.01,269.6
2021-02-05,15177.19,1417.26,788.5,267.2
2021-02-08,15142.85,1425.71,714.89,270.1
2021-02-09,15167.32,1437.77,820.12,275.3
2021-02-10,14987.39,1409.34,821.37,278.8
2021-02-18,15217.05,1430.53,1175.98,281.1
2021-02-19,15277.08,1442.98,1062.27,283.4
2021-02-22,15404.16,1414.98,1340.64,280.5
2021-02-23,15386.67,1423.88,920.81,279.6
2021-02-24,15394.43,1405.66,981.42,276.5
2021-02-25,15375.78,1427.33,847.07,275.9
2021-02-26,15303.41,1396.67,746.09,272.0
2021-03-01,15341.08,1436.37,737.06,276.7
2021-03-02,15362.06,1435.36,791.94,274.4
2021-03-03,15361.48,1467.78,732.68,278.2
2021-03-04,15326.57,1423.67,830.99,273.7
2021-03-05,15262.61,1418.2,723.35,274.1
2021-03-08,15249.39,1382.81,834.27,269.2
2021-03-09,15167.33,1347.94,757.89,264.5
2021-03-10,15100.27,1361.53,553.47,264.0
2021-03-11,15124.78,1413.04,679.1,269.2
2021-03-12,15078.02,1432.36,662.73,269.8
2021-03-15,15115.85,1406.87,693.55,267.6
2021-03-16,15098.26,1411.65,589.48,269.1
2021-03-17,15108.01,1417.9,585.24,270.6
2021-03-18,15092.85,1433.72,598.84,271.6
2021-03-19,15074.9,1407.1,607.85,268.1
2021-03-22,15127.04,1438.03,623.53,270.7
2021-03-23,15113.14,1425.61,607.29,268.6
2021-03-24,15117.72,1406.87,600.6,265.8
2021-03-25,15078.53,1405.82,488.8,265.2
2021-03-26,15055.35,1436.97,587.46,268.8
2021-03-29,15072.57,1453.11,602.66,268.8
2021-03-30,15074.95,1464.97,582.21,269.4
2021-03-31,15096.84,1450.42,536.47,268.6
2021-04-01,15072.3,1467.6,547.37,269.8
2021-04-02,15040.56,1481.99,610.9,271.1
2021-04-06,15108.23,1481.73,596.79,271.9
2021-04-07,15164.38,1481.46,614.83,272.0
2021-04-08,15170.44,1494.93,624.73,271.2
2021-04-09,15148.24,1484.89,549.42,269.9
2021-04-12,15139.28,1462.65,603.36,266.3
2021-04-13,15086.18,1465.21,494.87,265.7
2021-04-14,15098.86,1474.12,524.15,268.2
2021-04-15,15107.76,1471.98,511.99,267.6
2021-04-16,15085.43,1482.26,530.05,269.6
2021-04-19,15133.31,1517.87,741.21,274.0
2021-04-20,15157.51,1520.02,712.41,273.1
2021-04-21,15169.88,1518.88,602.62,272.5
2021-04-22,15200.22,1522.11,616.89,273.0
2021-04-23,15159.59,1532.98,652.4,273.2
2021-04-26,15190.6,1519.67,808.36,271.8
2021-04-27,15166.1,1520.46,619.73,271.5
2021-04-28,15181.1,1525.04,688.03,272.8
2021-04-29,15155.19,1540.13,707.89,273.4
2021-04-30,15025.21,1516.93,724.66,272.9
2021-05-06,15111.31,1499.29,789.78,271.8
2021-05-07,15096.5,1487.95,778.53,269.9
2021-05-10,15149.38,1493.22,749.33,271.1
2021-05-11,15166.87,1505.38,728.13,271.5
2021-05-12,15203.02,1513.36,655.59,273.2
2021-05-13,15220.67,1494.05,678.53,271.7
2021-05-14,15226.44,1531.1,832.21,275.5
2021-05-17,15272.97,1550.81,838.31,276.1
2021-05-18,15327.31,1549.97,726.78,276.8
2021-05-19,15386.53,1537.12,778.65,276.6
2021-05-20,15397.77,1535.61,754.48,275.4
2021-05-21,15390.9,1517.47,689.63,274.1
2021-05-24,15448.74,1518.02,739.68,275.0
2021-05-25,15442.49,1551.16,916.2,279.3
2021-05-26,15497.18,1547.43,907.71,280.3
2021-05-27,15564.82,1552.43,853.7,281.0
2021-05-28,15593.97,1556.32,942.16,280.1
2021-05-31,15695.52,1569.5,950.44,282.3
2021-06-01,15775.14,1573.27,953.49,282.6
2021-06-02,15789.13,1536.4,879.43,281.3
2021-06-03,15799.88,1519.66,837.81,279.8
2021-06-04,15773.92,1516.78,816.23,280.7
2021-06-07,15850.8,1510.94,848.65,281.9
2021-06-08,15857.14,1488.41,861.11,280.5
2021-06-09,15865.1,1479.92,731.53,281.1
2021-06-10,15910.66,1499.9,879.82,282.6
2021-06-11,15871.54,1481.9,949.63,281.2
2021-06-15,15943.8,1462.75,852.58,278.6
2021-06-16,15893.15,1443.87,735.51,274.9
2021-06-17,15922.43,1476.89,772.81,277.0
2021-06-18,15949.15,1485.45,894.64,278.6
2021-06-21,16019.4,1487.55,885.63,279.9
2021-06-22,16081.14,1509.11,868.44,281.0
2021-06-23,16116.5,1530.83,965.53,281.9
2021-06-24,16128.9,1530.06,846.11,280.7
2021-06-25,16118.08,1559.12,939.02,282.6
2021-06-28,16207.9,1564.11,960.64,283.9
2021-06-29,16246.87,1546.58,859.09,281.2
2021-06-30,16281.19,1559.99,895.53,282.8
2021-07-01,16181.05,1559.33,934.24,280.0
2021-07-02,16160.33,1522.24,837.68,277.2
2021-07-05,16223.55,1539.4,851.41,279.7
2021-07-06,16222.19,1537.65,953.09,280.2
2021-07-07,16291.25,1569.65,953.1,282.3
2021-07-08,16336.52,1570.91,1087.33,281.9
2021-07-09,16355.47,1572.01,999.23,282.8
2021-07-12,16445.32,1599.18,1233.55,286.3
2021-07-13,16498.0,1594.41,1124.87,287.7
2021-07-14,16504.86,1566.45,1068.06,284.8
2021-07-15,16500.88,1580.22,1033.06,286.3
2021-07-16,16469.37,1569.08,1091.56,285.3
2021-07-19,16485.85,1559.42,972.23,285.1
2021-07-20,16504.47,1559.02,818.75,285.0
2021-07-21,16590.0,1576.21,1154.81,287.6
2021-07-22,16663.45,1596.16,1202.02,288.7
2021-07-23,16649.92,1583.98,1259.19,286.3
2021-07-26,16679.01,1548.91,1255.33,282.2
2021-07-27,16599.99,1513.19,1347.11,276.4
2021-07-28,16443.58,1508.79,940.21,273.9
2021-07-29,16483.03,1555.39,1074.19,280.5
2021-07-30,16473.72,1555.72,1151.15,281.4
2021-08-02,16588.69,1583.85,1397.59,285.5
2021-08-03,16576.2,1577.13,1209.5,282.9
2021-08-04,16658.46,1609.26,1165.47,286.8
2021-08-05,16701.34,1616.0,1148.89,285.1
2021-08-06,16706.77,1619.12,1100.48,285.4
2021-08-09,16770.03,1627.98,1121.3,286.8
2021-08-10,16784.82,1642.01,1157.13,288.4
2021-08-11,16856.99,1645.15,1114.78,289.0
2021-08-12,16925.77,1650.62,1141.97,288.7
2021-08-13,16897.66,1641.8,1106.42,287.7
2021-08-16,16912.27,1636.11,1034.0,286.3
2021-08-17,16825.98,1596.94,1037.17,281.3
2021-08-18,16838.79,1633.19,1006.59,283.5
2021-08-19,16820.69,1636.13,1001.53,283.6
2021-08-20,16794.51,1616.25,994.1,281.8
2021-08-23,16932.87,1652.83,1166.05,285.2
2021-08-24,16981.43,1672.33,1248.33,286.8
2021-08-25,17020.81,1678.54,1112.68,288.3
2021-08-26,17058.25,1646.91,1185.5,285.8
2021-08-27,17013.97,1655.71,1124.45,287.0
2021-08-30,17084.69,1645.05,1400.78,287.9
2021-08-31,17066.52,1648.13,1276.6,288.4
2021-09-01,17080.14,1654.43,1511.56,286.6
2021-09-02,17106.83,1671.56,1252.92,288.7
2021-09-03,17043.09,1671.02,1360.13,287.2
2021-09-06,17130.19,1700.8,1253.79,289.5
2021-09-07,17200.93,1730.25,1286.43,292.8
2021-09-08,17308.39,1718.15,1357.29,292.8
2021-09-09,17396.37,1721.21,1304.52,292.9
2021-09-10,17414.96,1737.44,1434.23,293.1
2021-09-13,17527.24,1731.13,1342.81,293.3
2021-09-14,17543.12,1701.66,1329.67,290.2
2021-09-15,17583.61,1682.47,1132.17,290.7
2021-09-16,17478.4,1642.81,1178.94,286.1
2021-09-17,17295.21,1622.56,1068.25,286.0
2021-09-22,17365.19,1619.14,979.97,286.3
2021-09-23,17413.97,1640.61,1078.51,287.3
2021-09-24,17319.49,1632.47,975.72,284.5
2021-09-27,17193.79,1611.89,1035.04,280.1
2021-09-28,17161.08,1611.92,744.54,280.7
2021-09-29,17054.15,1571.67,773.84,275.1
2021-09-30,16853.08,1561.2,658.33,279.2
2021-10-08,16961.13,1580.4,844.85,280.3
2021-10-11,16995.55,1586.19,743.49,279.9
2021-10-12,16955.97,1571.36,706.17,276.0
2021-10-13,16927.16,1594.57,671.61,277.7
2021-10-14,16944.0,1602.39,659.77,278.3
2021-10-15,16892.64,1617.62,702.93,278.4
2021-10-18,16965.76,1619.0,766.47,279.6
2021-10-19,16997.86,1635.59,738.37,281.2
2021-10-20,17046.7,1635.88,801.22,280.9
2021-10-21,17047.32,1628.36,756.02,280.5
2021-10-22,16986.72,1622.28,735.61,279.5
2021-10-25,17054.95,1632.09,800.3,281.9
2021-10-26,17084.11,1620.39,832.78,281.5
2021-10-27,17096.01,1588.67,816.49,279.1
2021-10-28,17005.17,1513.78,788.74,275.8
2021-10-29,16967.97,1498.29,829.52,279.1
2021-11-01,17012.38,1501.81,897.58,279.6
2021-11-02,16957.31,1481.84,915.29,277.1
2021-11-03,16927.81,1467.02,693.06,277.5
2021-11-04,16972.13,1456.49,821.5,280.0
2021-11-05,16872.95,1433.85,818.91,277.9
2021-11-08,16927.17,1418.56,750.61,279.5
2021-11-09,16959.21,1410.43,761.58,281.5
2021-11-10,16979.69,1406.47,821.01,281.3
2021-11-11,16991.2,1421.21,851.1,283.4
2021-11-12,16980.06,1410.32,829.0,284.6
2021-11-15,17000.26,1388.04,836.97,283.9
2021-11-16,16966.36,1373.77,774.63,282.3
2021-11-17,17006.28,1369.29,750.94,284.6
2021-11-18,17019.78,1352.76,811.96,283.7
2021-11-19,17003.22,1357.58,820.17,285.9
2021-11-22,17112.26,1360.54,1003.14,288.13
2021-11-23,17148.37,1348.71,934.71,288.4
2021-11-24,17186.54,1334.5,926.64,288.4
2021-11-25,17212.64,1324.69,834.88,287.6
2021-11-26,17177.7,1314.98,807.52,287.3
2021-11-29,17204.95,1306.66,861.54,287.7
2021-11-30,17239.23,1287.39,886.16,288.3
2021-12-01,17269.28,1261.13,815.56,288.9
2021-12-02,17249.89,1210.06,809.64,288.0
2021-12-03,17231.09,1210.57,824.32,289.8
2021-12-06,17225.54,1191.42,899.87,287.5
2021-12-07,17195.91,1177.59,853.55,286.0
2021-12-08,17222.21,1193.69,826.62,289.6
2021-12-09,17225.26,1197.95,966.49,291.0
2021-12-10,17239.65,1183.71,851.59,291.0
2021-12-13,17288.02,1184.42,981.0,292.2
2021-12-14,17309.47,1174.36,826.18,291.0
2021-12-15,17327.71,1165.92,833.98,290.3
2021-12-16,17328.27,1171.37,826.78,292.1
2021-12-17,17260.67,1158.79,806.14,289.1
2021-12-20,17238.38,1141.36,802.62,285.0
2021-12-21,17220.1,1151.9,686.28,287.4
2021-12-22,17232.45,1163.57,742.83,288.1
2021-12-23,17239.08,1176.53,783.14,288.7
2021-12-24,17149.63,1170.17,841.39,285.7
2021-12-27,17184.32,1164.59,731.36,285.8
2021-12-28,17212.41,1171.36,706.88,287.3
2021-12-29,17211.38,1163.36,682.23,285.7
2021-12-30,17213.27,1194.03,732.25,287.5
2021-12-31,17120.06,1201.47,744.52,289.1
2022-01-04,17190.37,1158.51,937.31,289.5
2022-01-05,17163.11,1132.2,884.99,285.8
2022-01-06,17179.05,1131.04,773.51,286.1
2022-01-07,17026.91,1119.02,784.89,283.6
2022-01-10,17045.26,1116.73,703.78,285.0
2022-01-11,17035.92,1106.13,700.8,283.1
2022-01-12,17057.79,1113.55,728.65,286.1
2022-01-13,17052.33,1095.32,746.58,282.4
2022-01-14,17009.12,1090.53,743.6,281.9
2022-01-17,17053.19,1100.04,795.16,284.8
2022-01-18,17020.02,1102.18,797.09,284.5
2022-01-19,16987.53,1077.9,689.65,283.0
2022-01-20,16884.55,1073.01,724.87,280.8
2022-01-21,16764.84,1053.79,618.68,278.2
2022-01-24,16739.81,1031.59,551.21,278.7
2022-01-25,16648.35,994.97,596.96,271.0
2022-01-26,16575.07,996.34,461.56,273.1
2022-01-27,16483.84,952.7,493.01,267.2
2022-01-28,16202.38,929.3,439.27,267.4
2022-02-07,16237.82,941.87,533.78,271.8
2022-02-08,16224.67,951.35,567.77,274.0
2022-02-09,16251.03,973.8,625.18,277.4
2022-02-10,16241.49,971.98,598.02,277.4
2022-02-11,16179.4,961.06,616.43,274.4
2022-02-14,16209.57,949.32,571.86,272.7
2022-02-15,16217.05,964.4,524.48,274.8
2022-02-16,16232.55,969.77,521.4,276.4
2022-02-17,16236.36,976.38,608.74,277.0
2022-02-18,16198.68,969.11,530.48,278.3
2022-02-21,16268.05,963.76,651.11,279.7
2022-02-22,16296.65,956.15,697.22,277.6
2022-02-23,16362.07,977.06,772.64,281.0
2022-02-24,16314.68,956.43,959.16,276.0
2022-02-25,16295.24,957.11,704.84,277.9
2022-02-28,16310.99,960.5,647.26,279.1
2022-03-01,16326.41,971.26,685.09,280.1
2022-03-02,16346.13,970.68,623.1,279.7
2022-03-03,16334.42,968.21,703.09,278.8
2022-03-04,16281.06,948.44,657.91,275.9
2022-03-07,16313.45,925.83,697.77,270.9
2022-03-08,16294.0,907.81,758.38,264.5
2022-03-09,16215.76,908.53,745.96,263.0
2022-03-10,16194.76,928.31,695.66,267.3
2022-03-11,16133.6,939.92,690.08,269.3
2022-03-14,16147.56,913.42,639.26,262.7
2022-03-15,16023.52,881.4,710.38,252.7
2022-03-16,15980.15,904.12,797.14,261.9
2022-03-17,15938.08,924.16,860.4,266.0
2022-03-18,15867.23,925.99,648.69,268.35
2022-03-21,15914.51,936.2,705.69,269.7
2022-03-22,15916.87,932.0,625.93,269.5
2022-03-23,15917.21,937.48,637.65,270.4
2022-03-24,15912.59,936.52,614.99,268.5
2022-03-25,15871.85,920.77,599.9,265.8
2022-03-28,15859.28,918.78,541.93,265.3
2022-03-29,15838.12,915.18,544.38,264.3
2022-03-30,15864.05,932.29,679.08,269.0
2022-03-31,15806.68,921.53,659.33,267.2
2022-04-01,15700.05,905.43,593.18,268.5
2022-04-06,15762.97,906.58,676.94,268.8
2022-04-07,15723.93,896.39,589.2,264.6
2022-04-08,15665.3,899.7,596.41,264.7
2022-04-11,15588.68,870.73,602.68,258.0
2022-04-12,15565.57,883.49,582.01,262.1
2022-04-13,15514.34,875.71,537.93,258.8
2022-04-14,15502.05,889.71,608.97,261.7
2022-04-15,15413.95,889.55,598.08,259.7
2022-04-18,15410.08,885.68,522.79,260.1
2022-04-19,15400.6,878.61,488.23,261.0
2022-04-20,15396.91,860.42,516.78,256.8
2022-04-21,15296.16,843.37,487.64,250.1
2022-04-22,15169.84,837.82,390.22,249.3
2022-04-25,14934.31,776.83,516.09,237.6
2022-04-26,14654.7,759.83,447.66,235.1
2022-04-27,14540.19,786.37,532.48,244.3
2022-04-28,14444.54,778.98,484.59,244.1
2022-04-29,14337.64,782.8,603.53,252.4
2022-05-05,14397.6,786.45,618.26,254.3
2022-05-06,14387.84,781.63,512.87,250.1
2022-05-09,14408.76,784.56,429.89,251.8
2022-05-10,14423.48,797.82,524.03,254.7
2022-05-11,14465.92,811.9,761.31,256.8
2022-05-12,14458.92,811.48,511.11,257.3
2022-05-13,14437.21,823.55,494.0,258.9
2022-05-16,14453.87,815.33,514.82,258.7
2022-05-17,14449.86,817.77,531.74,260.1
2022-05-18,14464.17,811.12,520.82,260.0
2022-05-19,14467.28,793.64,539.2,262.0
2022-05-20,14437.01,797.87,653.12,264.9
2022-05-23,14494.7,796.65,641.53,266.2
2022-05-24,14472.29,772.99,667.7,258.2
2022-05-25,14487.86,779.25,495.71,261.8
2022-05-26,14486.93,788.36,562.29,263.2
2022-05-27,14437.8,781.11,529.52,263.2
2022-05-30,14449.9,781.98,536.09,264.8
2022-05-31,14445.49,780.76,637.0,268.2
2022-06-01,14442.65,749.38,606.57,268.8
2022-06-02,14406.99,736.74,615.85,270.8
2022-06-06,14498.86,745.97,871.44,275.3
2022-06-07,14533.48,746.86,754.26,275.5
2022-06-08,14561.36,759.8,839.7,276.3
2022-06-09,14580.81,746.94,725.51,273.2
2022-06-10,14569.9,762.98,743.22,277.4
2022-06-13,14665.19,756.95,843.22,277.0
2022-06-14,14704.76,774.48,849.11,278.2
2022-06-15,14754.11,780.62,1098.9,279.0
2022-06-16,14790.17,810.23,852.9,278.1
2022-06-17,14769.24,832.79,827.4,280.4
2022-06-20,14831.3,854.36,890.86,281.2
2022-06-21,14809.11,869.19,780.75,279.1
2022-06-22,14850.36,879.74,736.53,275.9
2022-06-23,14880.06,915.52,822.24,280.4
2022-06-24,14868.3,927.94,871.49,282.2
2022-06-27,14960.93,930.78,1011.27,284.4
2022-06-28,15046.65,930.46,1012.83,287.5
2022-06-29,15052.23,908.64,1010.98,281.9
2022-06-30,15097.45,935.71,962.58,284.3
2022-07-01,15071.91,932.61,839.28,284.2
2022-07-04,15153.6,953.05,897.88,285.7
2022-07-05,15187.24,959.37,932.13,284.8
2022-07-06,15231.67,952.71,832.18,281.1
2022-07-07,15276.82,972.74,809.85,282.8
2022-07-08,15234.17,972.15,748.32,281.6
2022-07-11,15244.87,955.95,724.83,278.3
2022-07-12,15222.88,941.16,665.42,275.4
2022-07-13,15246.24,953.88,664.24,276.9
2022-07-14,15264.13,967.71,732.02,278.1
2022-07-15,15212.03,959.94,744.68,274.3
2022-07-18,15263.4,977.47,714.09,278.5
2022-07-19,15292.7,981.62,672.66,279.1
2022-07-20,15310.79,989.67,672.56,280.7
2022-07-21,15306.48,986.44,726.74,279.1
2022-07-22,15275.33,992.09,632.87,278.1
2022-07-25,15270.16,987.27,542.68,275.6
2022-07-26,15270.24,993.45,553.06,278.3
2022-07-27,15309.57,997.69,586.2,278.9
2022-07-28,15312.44,1007.68,686.86,280.0
2022-07-29,15277.13,997.48,655.19,277.8
2022-08-01,15305.19,1011.54,656.74,279.0
2022-08-02,15184.65,994.35,726.75,272.7
2022-08-03,15153.93,994.99,726.67,271.1
2022-08-04,15177.43,1010.55,566.67,273.3
2022-08-05,15145.83,1052.45,685.91,276.8
2022-08-08,15186.23,1059.44,647.14,278.5
2022-08-09,15231.89,1066.51,653.26,279.1
2022-08-10,15263.49,1061.09,663.29,278.4
2022-08-11,15278.3,1080.06,782.44,282.4
2022-08-12,15223.19,1074.4,666.09,281.5
2022-08-15,15277.77,1071.17,689.05,282.2
2022-08-16,15304.82,1081.08,692.6,282.7
2022-08-17,15330.84,1091.87,752.11,283.4
2022-08-18,15362.7,1096.54,729.15,282.8
2022-08-19,15307.59,1077.64,740.61,279.8
2022-08-22,15319.82,1091.4,680.34,281.3
2022-08-23,15348.92,1102.66,684.03,281.4
2022-08-24,15293.52,1072.24,731.07,274.7
2022-08-25,15262.79,1075.44,626.38,275.4
2022-08-26,15207.06,1073.36,567.81,274.2
2022-08-29,15220.5,1072.91,502.7,275.1
2022-08-30,15210.74,1062.65,494.19,274.2
2022-08-31,15107.46,1047.44,569.58,270.2
2022-09-01,15068.22,1042.89,435.26,268.6
2022-09-02,15035.38,1039.38,422.54,269.8
2022-09-05,15044.67,1051.56,453.28,270.3
2022-09-06,15046.16,1067.96,552.24,274.2
2022-09-07,15066.98,1079.12,549.62,274.4
2022-09-08,15052.7,1072.07,476.46,272.7
2022-09-09,14971.82,1066.59,468.06,274.3
2022-09-13,14993.96,1072.43,485.51,274.7
2022-09-14,14990.47,1065.88,452.23,272.2
2022-09-15,14934.72,1049.99,561.46,267.8
2022-09-16,14879.04,1031.24,460.35,261.9
2022-09-19,14850.32,1029.15,361.76,260.2
2022-09-20,14858.14,1045.29,391.25,262.0
2022-09-21,14864.32,1038.78,369.91,262.0
2022-09-22,14845.28,1035.81,378.47,261.3
2022-09-23,14771.2,1021.36,373.64,258.5
2022-09-26,14726.59,1003.15,364.9,255.9
2022-09-27,14712.46,1016.49,378.7,260.5
2022-09-28,14640.46,991.27,339.18,255.0
2022-09-29,14599.18,978.0,339.32,254.8
2022-09-30,14436.11,946.82,263.68,252.8
2022-10-10,14442.99,924.22,358.85,249.2
2022-10-11,14434.8,936.32,304.92,251.0
2022-10-12,14448.49,974.93,445.61,256.5
2022-10-13,14458.01,982.62,438.01,256.9
2022-10-14,14439.85,1014.99,565.67,262.2
2022-10-17,14463.71,1023.75,522.51,264.1
2022-10-18,14484.86,1043.68,507.46,264.3
2022-10-19,14503.67,1034.54,471.13,261.9
2022-10-20,14509.55,1048.35,500.64,260.5
2022-10-21,14467.54,1048.99,420.48,260.1
2022-10-24,14496.9,1036.26,613.55,256.7
2022-10-25,14495.68,1035.74,496.04,256.5
2022-10-26,14535.5,1049.67,628.55,260.0
2022-10-27,14526.0,1053.4,608.01,259.7
2022-10-28,14412.2,1031.55,541.53,252.9
2022-10-31,14428.48,1038.66,565.4,254.0
2022-11-01,14464.74,1065.26,667.52,260.1
2022-11-02,14477.31,1074.71,757.81,263.0
2022-11-03,14521.82,1069.76,632.9,262.7
2022-11-04,14531.75,1079.99,842.96,268.6
2022-11-07,14588.64,1065.44,766.37,269.9
2022-11-08,14632.53,1062.48,597.72,268.9
2022-11-09,14657.81,1054.3,561.73,267.8
2022-11-10,14663.51,1058.83,578.42,266.2
2022-11-11,14599.29,1073.89,888.72,269.2
2022-11-14,14604.74,1065.99,740.42,268.7
2022-11-15,14637.27,1098.98,808.65,273.3
2022-11-16,14655.91,1086.6,692.07,271.7
2022-11-17,14684.03,1090.75,682.84,271.8
2022-11-18,14650.68,1057.57,711.83,269.9
2022-11-21,14711.8,1044.66,609.8,269.4
2022-11-22,14711.99,1030.79,631.98,267.6
2022-11-23,14716.56,1021.5,582.79,267.2
2022-11-24,14716.51,1026.29,512.73,267.2
2022-11-25,14645.04,1015.25,481.63,266.4
2022-11-28,14642.4,995.89,515.65,265.1
2022-11-29,14661.08,1007.37,727.03,270.2
2022-11-30,14643.68,999.17,641.63,270.5
2022-12-01,14655.87,998.2,775.87,272.1
2022-12-02,14638.52,964.65,606.19,272.5
2022-12-05,14707.69,965.39,829.74,275.2
2022-12-06,14715.93,965.1,742.87,275.3
2022-12-07,14742.79,966.47,723.31,274.6
2022-12-08,14742.23,968.83,619.06,273.8
2022-12-09,14715.83,966.99,680.47,274.8
2022-12-12,14768.76,953.33,668.2,273.2
2022-12-13,14768.17,945.76,570.63,272.3
2022-12-14,14746.95,947.81,572.81,271.9
2022-12-15,14771.95,953.06,542.95,271.9
2022-12-16,14715.49,946.05,504.52,270.8
2022-12-19,14697.52,929.27,527.77,266.2
2022-12-20,14700.0,915.44,413.44,264.0
2022-12-21,14662.55,916.53,347.64,262.6
2022-12-22,14617.61,910.47,420.12,260.6
2022-12-23,14562.05,904.47,358.37,260.3
2022-12-26,14583.94,924.98,425.18,263.1
2022-12-27,14563.32,943.42,442.28,264.5
2022-12-28,14529.98,948.53,388.91,262.8
2022-12-29,14524.61,960.14,376.51,261.7
2022-12-30,14445.24,958.85,332.79,262.7
2023-01-03,14495.26,956.46,541.16,266.5
2023-01-04,14505.57,941.97,503.14,267.1
2023-01-05,14522.29,948.71,589.16,269.4
2023-01-06,14491.71,950.62,568.95,269.8
2023-01-09,14514.76,956.45,568.89,271.3
2023-01-10,14512.28,959.49,523.48,271.6
2023-01-11,14497.17,951.02,508.15,270.4
2023-01-12,14476.36,952.17,460.35,270.7
2023-01-13,14430.85,959.74,476.64,272.4
2023-01-16,14433.57,960.75,689.35,275.6
2023-01-17,14419.56,952.16,491.94,275.6
2023-01-18,14386.99,939.49,439.82,275.9
2023-01-19,14363.75,942.03,512.24,277.6
2023-01-20,14187.91,925.9,552.02,279.3
2023-01-30,14392.09,918.94,913.31,280.9
2023-01-31,14450.81,907.02,685.96,281.0
2023-02-01,14531.36,925.58,808.46,283.7
2023-02-02,14577.22,937.02,803.64,283.5
2023-02-03,14581.28,937.32,697.28,282.4
2023-02-06,14641.66,935.74,670.11,280.9
2023-02-07,14694.89,947.76,645.12,281.7
2023-02-08,14709.65,946.76,596.34,280.2
2023-02-09,14728.29,976.36,697.41,283.4
2023-02-10,14707.29,962.06,679.62,282.5
2023-02-13,14769.28,963.21,752.2,284.3
2023-02-14,14806.41,966.24,697.74,284.2
2023-02-15,14838.42,974.36,758.44,284.0
2023-02-16,14811.24,967.45,954.13,280.1
2023-02-17,14767.93,953.08,647.61,277.7
2023-02-20,14821.9,977.14,743.57,281.4
2023-02-21,14845.44,976.22,723.34,282.3
2023-02-22,14877.44,973.71,598.52,281.5
2023-02-23,14882.82,970.12,610.35,281.1
2023-02-24,14866.22,952.14,550.96,279.9
2023-02-27,14874.4,937.84,541.94,278.1
2023-02-28,14881.0,935.06,553.91,280.3
2023-03-01,14911.55,948.85,746.69,282.5
2023-03-02,14913.3,949.74,736.5,281.7
2023-03-03,14883.59,957.23,685.8,281.8
2023-03-06,14940.37,962.25,755.05,281.3
2023-03-07,14919.76,944.33,716.79,277.1
2023-03-08,14936.32,939.02,541.57,277.9
2023-03-09,14958.07,948.68,572.65,277.2
2023-03-10,14904.56,928.38,591.15,274.4
2023-03-13,14922.68,932.49,640.38,276.1
2023-03-14,14943.27,927.02,733.67,274.1
2023-03-15,14945.71,928.38,635.21,275.3
2023-03-16,14942.23,914.47,638.78,271.7
2023-03-17,14930.05,921.94,772.52,274.2
2023-03-20,14957.23,918.4,814.72,273.4
2023-03-21,14976.24,927.4,670.99,275.8
2023-03-22,15012.73,938.31,765.99,277.3
2023-03-23,15050.87,956.1,861.0,278.6
2023-03-24,15073.04,951.8,899.54,279.0
2023-03-27,15154.35,952.32,965.74,279.0
2023-03-28,15170.02,945.44,797.14,277.2
2023-03-29,15157.91,948.77,793.95,276.6
2023-03-30,15167.0,935.85,777.78,277.1
2023-03-31,15129.93,937.15,755.85,279.3
2023-04-03,15229.45,956.99,1110.68,282.4
2023-04-04,15244.3,951.14,1134.01,281.5
2023-04-06,15325.47,957.53,1114.47,281.3
2023-04-07,15304.2,970.28,944.41,283.0
2023-04-10,15321.12,953.6,1062.41,280.5
2023-04-11,15333.78,951.74,856.37,281.5
2023-04-12,15394.68,967.16,982.27,282.6
2023-04-13,15394.04,959.57,929.8,280.4
2023-04-14,15382.95,975.98,921.85,281.5
2023-04-17,15420.14,982.13,903.07,282.6
2023-04-18,15430.46,986.65,872.59,282.2
2023-04-19,15454.22,987.29,923.62,280.5
2023-04-20,15486.64,1001.14,961.02,280.3
2023-04-21,15416.96,965.75,962.5,273.7
2023-04-24,15445.7,946.44,812.91,272.6
2023-04-25,15369.77,928.83,811.59,270.5
2023-04-26,15321.27,926.39,833.29,270.9
2023-04-27,15241.55,929.11,739.3,271.3
2023-04-28,15139.16,932.92,831.69,275.5
2023-05-04,15245.41,930.06,912.59,276.3
2023-05-05,15207.22,919.74,794.41,274.3
2023-05-08,15264.03,933.52,881.9,276.9
2023-05-09,15278.61,927.85,986.75,274.6
2023-05-10,15283.18,929.16,755.95,274.1
2023-05-11,15274.31,929.7,645.51,274.4
2023-05-12,15214.47,923.87,578.6,271.4
2023-05-15,15235.68,937.62,685.39,274.5
2023-05-16,15221.33,942.02,604.6,272.1
2023-05-17,15231.77,936.31,558.42,273.2
2023-05-18,15266.77,941.95,672.69,274.0
2023-05-19,15223.69,940.4,615.58,273.2
2023-05-22,15215.2,936.27,555.35,273.4
2023-05-23,15192.77,919.55,518.91,270.6
2023-05-24,15201.72,915.57,583.08,269.5
2023-05-25,15192.21,914.04,603.81,269.4
2023-05-26,15164.47,928.76,614.0,270.5
2023-05-29,15178.87,932.7,655.19,269.9
2023-05-30,15173.76,947.82,679.24,271.8
2023-05-31,15189.06,945.14,651.35,271.0
2023-06-01,15196.45,944.19,728.22,271.7
2023-06-02,15147.16,936.81,653.87,274.0
2023-06-05,15171.3,930.72,622.94,274.0
2023-06-06,15134.93,900.46,635.83,270.4
2023-06-07,15136.96,893.53,557.02,271.1
2023-06-08,15114.13,886.82,564.96,270.8
2023-06-09,15090.01,902.39,641.01,272.4
2023-06-12,15122.12,897.7,671.09,273.3
2023-06-13,15118.88,908.31,681.54,274.5
2023-06-14,15107.76,921.76,721.46,275.0
2023-06-15,15100.34,938.57,796.67,277.7
2023-06-16,15072.81,963.2,801.21,279.0
2023-06-19,15134.85,968.61,864.56,278.7
2023-06-20,15164.78,975.1,844.49,277.7
2023-06-21,15073.57,942.17,717.25,273.2
2023-06-26,15055.14,908.4,654.09,269.3
2023-06-27,15047.18,910.27,541.34,272.6
2023-06-28,15001.99,905.15,583.59,272.2
2023-06-29,15010.44,914.64,589.12,272.6
2023-06-30,14954.96,930.05,627.68,275.0
2023-07-03,14984.68,933.35,728.82,276.1
2023-07-04,15007.91,946.68,668.08,276.4
2023-07-05,15017.25,948.05,608.71,274.7
2023-07-06,15025.46,950.86,582.5,274.2
2023-07-07,14983.33,942.85,531.16,273.2
2023-07-10,14989.98,940.94,503.92,273.7
2023-07-11,14993.48,944.52,533.79,275.5
2023-07-12,14965.31,932.4,624.42,273.1
2023-07-13,14947.93,942.56,633.91,276.8
2023-07-14,14933.61,947.48,649.98,276.8
2023-07-17,14955.81,937.51,567.76,275.9
2023-07-18,14956.96,932.91,513.4,275.0
2023-07-19,14958.74,930.18,460.75,274.9
2023-07-20,14907.94,913.12,505.62,272.1
2023-07-21,14855.88,904.05,431.98,271.5
2023-07-24,14855.2,899.91,411.53,271.1
2023-07-25,14851.16,922.31,663.23,276.4
2023-07-26,14837.61,919.02,528.17,275.3
2023-07-27,14823.51,913.25,515.1,274.1
2023-07-28,14792.29,929.67,694.44,278.1
2023-07-31,14862.76,932.87,848.45,280.1
2023-08-01,14881.11,936.07,674.06,279.2
2023-08-02,14910.95,933.29,610.29,278.5
2023-08-03,14927.75,947.04,619.44,279.2
2023-08-04,14933.03,961.95,863.3,280.1
2023-08-07,14987.77,951.14,667.4,278.8
2023-08-08,14987.24,946.14,576.2,278.0
2023-08-09,14965.74,932.42,492.45,277.0
2023-08-10,14959.57,928.1,478.29,277.8
2023-08-11,14906.07,911.79,528.19,272.8
2023-08-14,14905.88,897.32,490.42,273.1
2023-08-15,14903.22,891.2,470.83,271.9
2023-08-16,14878.34,886.2,470.75,269.8
2023-08-17,14889.19,904.74,506.44,271.4
2023-08-18,14842.14,888.28,485.01,267.2
2023-08-21,14840.34,876.94,431.85,264.9
2023-08-22,14841.88,892.01,539.91,266.6
2023-08-23,14814.54,873.51,443.0,262.8
2023-08-24,14791.98,886.51,504.48,263.9
2023-08-25,14694.53,874.19,442.85,261.2
2023-08-28,14756.17,901.55,856.17,264.5
2023-08-29,14786.85,931.36,729.6,269.8
2023-08-30,14795.23,941.16,685.0,270.5
2023-08-31,14773.27,938.79,537.19,269.1
2023-09-01,14725.05,935.45,489.73,269.6
2023-09-04,14763.32,941.49,606.7,273.2
2023-09-05,14781.65,934.28,553.25,271.8
2023-09-06,14800.48,944.16,537.21,272.6
2023-09-07,14781.78,922.69,506.11,268.8
2023-09-08,14739.56,924.22,462.39,268.8
2023-09-11,14994.97,935.35,858.23,268.8
2023-09-12,15080.37,926.92,623.61,267.5
2023-09-13,15129.55,917.85,586.0,264.3
2023-09-14,15148.85,914.26,518.62,263.5
2023-09-15,15164.0,908.4,579.2,262.9
2023-09-18,15197.74,905.35,538.54,263.4
2023-09-19,15198.21,896.07,461.11,261.6
2023-09-20,15199.1,880.8,413.12,259.6
2023-09-21,15207.85,872.04,423.47,257.8
2023-09-22,15211.52,889.3,624.33,262.0
2023-09-25,15247.18,875.11,575.47,260.4
2023-09-26,15245.61,864.33,515.79,259.7
2023-09-27,15265.34,845.58,578.97,260.5
2023-09-28,15096.95,812.24,523.51,261.9
2023-10-09,15216.27,823.57,669.7,260.7
2023-10-10,15279.95,834.47,637.08,260.0
2023-10-11,15333.98,857.69,696.52,260.2
2023-10-12,15371.78,879.08,691.7,261.8
2023-10-13,15357.28,876.04,655.77,260.4
2023-10-16,15400.17,866.07,657.77,258.4
2023-10-17,15405.96,865.18,579.09,259.0
2023-10-18,15395.6,852.26,608.13,255.7
2023-10-19,15399.89,841.36,660.83,253.0
2023-10-20,15370.58,817.03,539.95,251.0
2023-10-23,15365.52,800.93,566.65,247.0
2023-10-24,15383.91,814.97,603.91,250.2
2023-10-25,15393.91,813.86,666.2,252.7
2023-10-26,15394.66,819.01,643.34,253.8
2023-10-27,15370.49,832.86,759.07,257.1
2023-10-30,15467.68,839.03,856.77,259.5
2023-10-31,15494.62,832.22,724.72,258.2
2023-11-01,15529.56,818.01,626.94,257.5
2023-11-02,15506.95,802.3,564.16,255.6
2023-11-03,15468.54,799.44,621.08,258.4
2023-11-06,15563.22,807.42,945.77,262.9
2023-11-07,15620.14,811.24,864.62,263.3
2023-11-08,15693.0,812.92,907.79,263.2
2023-11-09,15705.66,802.2,798.46,261.9
2023-11-10,15699.87,801.13,685.85,260.6
2023-11-13,15756.98,801.24,725.77,261.9
2023-11-14,15811.21,809.07,786.89,262.9
2023-11-15,15855.48,818.27,901.98,263.9
2023-11-16,15864.18,810.95,706.41,261.7
2023-11-17,15861.24,805.93,658.42,262.3
2023-11-20,15942.73,804.02,789.53,263.2
2023-11-21,15947.13,800.17,825.9,262.1
2023-11-22,15955.14,787.87,697.44,259.5
2023-11-23,15964.27,799.59,648.93,261.0
2023-11-24,15914.1,792.13,592.5,258.7
2023-11-27,15928.07,792.86,612.09,258.1
2023-11-28,15933.11,794.08,576.11,258.9
2023-11-29,15952.96,792.68,599.74,257.4
2023-11-30,15925.04,794.58,542.41,256.8
2023-12-01,15923.76,782.38,631.46,258.1
2023-12-04,15941.26,764.67,651.77,258.2
2023-12-05,15937.51,749.26,604.7,253.9
2023-12-06,15942.1,750.01,582.17,254.9
2023-12-07,15955.87,751.09,583.74,254.7
2023-12-08,15920.07,758.98,647.95,254.6
2023-12-11,15954.24,763.03,699.64,257.0
2023-12-12,15979.33,763.66,614.89,257.3
2023-12-13,15999.0,757.22,586.72,254.6
2023-12-14,15977.17,756.42,541.12,253.6
2023-12-15,15962.84,748.55,541.94,252.7
2023-12-18,15942.26,732.79,475.74,250.5
2023-12-19,15953.3,727.12,465.36,251.1
2023-12-20,15910.93,713.31,452.54,247.8
2023-12-21,15925.39,717.7,543.53,249.6
2023-12-22,15846.35,709.79,550.95,248.0
2023-12-25,15846.22,710.62,419.67,248.1
2023-12-26,15823.39,705.82,423.41,245.8
2023-12-27,15833.35,711.34,436.51,247.2
2023-12-28,15864.71,724.78,720.01,251.8
2023-12-29,15792.86,715.99,601.79,254.3
2024-01-02,15850.03,703.87,592.23,252.7
2024-01-03,15859.34,703.07,527.18,252.0
2024-01-04,15881.92,699.3,468.7,250.4
2024-01-05,15797.82,692.17,492.36,247.5
2024-01-08,15802.01,679.43,453.53,243.8
2024-01-09,15768.37,688.01,445.05,244.5
2024-01-10,15741.32,684.94,424.13,243.1
2024-01-11,15749.09,693.11,515.26,246.6
2024-01-12,15698.46,689.63,452.69,245.2
2024-01-15,15708.32,681.82,403.54,244.7
2024-01-16,15682.95,689.24,453.6,244.9
2024-01-17,15677.34,671.42,448.87,239.8
2024-01-18,15609.91,690.49,594.7,241.7
2024-01-19,15536.66,687.39,426.11,239.3
2024-01-22,15385.8,664.67,498.42,231.4
2024-01-23,15345.05,677.04,478.31,234.4
2024-01-24,15322.79,689.57,565.56,238.1
2024-01-25,15363.71,705.47,734.43,244.7
2024-01-26,15313.81,700.79,623.39,243.5
2024-01-29,15278.77,687.35,591.22,238.9
2024-01-30,15199.07,674.84,440.35,234.5
2024-01-31,15005.19,658.3,475.47,229.6
2024-02-01,14890.64,655.18,426.9,229.3
2024-02-02,14599.28,637.09,501.21,225.9
2024-02-05,14204.53,613.62,495.42,222.0
2024-02-06,14053.17,596.22,572.49,233.7
2024-02-07,13921.52,516.76,601.04,238.7
2024-02-08,13751.7,459.42,659.21,245.8
2024-02-19,13906.24,449.42,794.82,249.56
2024-02-20,13966.89,449.88,654.64,249.7
2024-02-21,14021.89,439.4,902.98,251.0
2024-02-22,14079.75,440.01,734.25,254.2
2024-02-23,14126.98,434.96,819.29,256.7
2024-02-26,14213.96,434.38,884.99,256.7
2024-02-27,14324.63,443.9,955.61,261.3
2024-02-28,14356.59,429.93,1241.75,252.9
2024-02-29,14408.92,435.34,945.48,260.0
2024-03-01,14430.75,433.2,1018.02,262.0
2024-03-04,14528.03,433.38,1042.9,262.0
2024-03-05,14482.5,437.29,944.7,260.6
2024-03-06,14534.97,435.15,879.11,260.7
2024-03-07,14516.45,428.22,876.95,258.3
2024-03-08,14529.25,431.81,768.96,260.5
2024-03-11,14609.21,441.29,979.56,264.2
2024-03-12,14681.9,436.68,1092.38,264.6
2024-03-13,14751.98,430.8,1013.6,264.0
2024-03-14,14763.02,427.59,900.39,262.6
2024-03-15,14765.31,424.52,842.45,264.7
2024-03-18,14901.27,427.6,1140.41,267.7
2024-03-19,14938.03,424.13,995.73,265.5
2024-03-20,15006.95,424.34,925.36,266.2
2024-03-21,15062.77,425.69,983.8,265.6
2024-03-22,15041.84,419.11,974.56,262.3
2024-03-25,15034.55,415.83,859.3,258.1
2024-03-26,15024.53,414.56,765.36,257.8
2024-03-27,14984.85,405.36,683.07,252.2
2024-03-28,15020.97,411.86,792.24,256.0
2024-03-29,14964.08,415.21,728.32,258.0
2024-04-01,15037.9,422.59,931.64,262.3
2024-04-02,15052.46,424.96,816.28,261.1
2024-04-03,14986.17,424.68,742.51,259.7
2024-04-08,15036.13,426.36,770.86,255.9
2024-04-09,15042.86,432.99,624.96,257.6
2024-04-10,15010.96,430.23,648.75,253.7
2024-04-11,14995.69,421.6,640.61,254.1
2024-04-12,14958.49,409.39,647.46,252.5
2024-04-15,14932.55,409.31,756.82,251.8
2024-04-16,14858.44,390.53,686.51,244.4
2024-04-17,14905.87,406.04,741.33,252.4
2024-04-18,14928.88,404.9,795.4,252.3
2024-04-19,14883.43,398.32,712.3,250.5
2024-04-22,14889.14,398.2,648.66,248.9
2024-04-23,14858.96,396.26,588.69,247.9
2024-04-24,14859.2,398.43,641.58,251.1
2024-04-25,14853.51,395.3,624.05,251.4
2024-04-26,14819.27,390.42,948.49,256.8
2024-04-29,14875.97,391.38,1095.63,261.4
2024-04-30,14740.02,380.42,824.69,259.4
2024-05-06,14890.69,388.61,1015.51,262.5
2024-05-07,14920.3,391.17,842.63,263.1
2024-05-08,14958.47,389.52,735.55,259.9
2024-05-09,14962.66,398.69,778.46,263.1
2024-05-10,14946.83,393.13,766.74,261.5
2024-05-13,14965.6,391.06,746.53,259.5
2024-05-14,14981.17,395.19,687.42,260.0
2024-05-15,14964.71,392.44,680.35,257.5
2024-05-16,14991.05,392.43,739.43,257.9
2024-05-17,14945.7,396.01,766.77,261.0
2024-05-20,14973.94,395.15,885.93,261.9
2024-05-21,14988.19,393.76,683.77,259.6
2024-05-22,15009.2,396.75,736.02,260.2
2024-05-23,14986.9,392.83,725.47,255.9
2024-05-24,14920.73,381.78,627.71,253.3
2024-05-27,14920.75,384.55,612.94,255.8
2024-05-28,14922.99,384.05,597.2,253.6
2024-05-29,14917.12,387.94,569.18,254.5
2024-05-30,14907.73,388.21,596.78,253.4
2024-05-31,14883.04,381.87,547.87,253.8
2024-06-03,14869.61,380.12,642.03,252.0
2024-06-04,14834.01,384.44,565.84,253.0
2024-06-05,14823.08,380.7,548.62,250.9
2024-06-06,14761.62,367.59,672.0,247.5
2024-06-07,14697.46,341.56,550.63,248.3
2024-06-11,14744.14,336.41,586.58,249.0
2024-06-12,14761.55,338.57,564.83,250.1
2024-06-13,14769.5,338.84,625.32,249.3
2024-06-14,14728.42,336.21,631.87,249.8
2024-06-17,14759.52,330.46,603.54,249.5
2024-06-18,14789.67,328.36,646.44,251.5
2024-06-19,14788.6,327.29,589.28,249.7
2024-06-20,14760.08,325.69,595.6,246.1
2024-06-21,14708.7,325.93,471.94,245.8
2024-06-24,14652.03,316.53,518.57,241.0
2024-06-25,14589.08,309.27,483.9,240.0
2024-06-26,14589.3,319.21,521.65,245.0
2024-06-27,14555.31,314.06,457.53,241.4
2024-06-28,14493.15,315.76,552.19,242.5
2024-07-01,14490.99,320.13,540.94,244.4
2024-07-02,14499.48,320.4,496.95,243.4
2024-07-03,14489.7,319.55,445.56,242.2
2024-07-04,14424.09,317.07,437.62,239.0
2024-07-05,14374.71,318.94,434.44,240.3
2024-07-08,14327.7,314.53,428.63,236.6
2024-07-09,14323.54,318.43,596.51,241.1
2024-07-10,14302.52,318.55,544.2,240.5
2024-07-11,14331.37,317.66,680.97,245.4
2024-07-12,14284.04,309.72,556.49,244.7
2024-07-15,14265.03,302.77,464.41,243.3
2024-07-16,14261.26,302.28,538.47,244.5
2024-07-17,14210.64,296.69,539.57,243.5
2024-07-18,14163.38,295.14,532.68,244.4
2024-07-19,14107.86,292.03,539.38,244.9
2024-07-22,14144.91,279.08,553.21,244.8
2024-07-23,14118.4,260.55,524.84,239.5
2024-07-24,14093.2,255.96,457.18,237.1
2024-07-25,14091.39,251.28,454.69,237.1
2024-07-26,14059.5,248.08,468.24,239.7
2024-07-29,14079.97,240.78,462.87,239.3
2024-07-30,14084.54,233.94,471.94,239.7
2024-07-31,14137.07,232.48,793.1,247.2
2024-08-01,14159.89,222.08,656.18,246.1
2024-08-02,14118.34,212.18,582.72,243.2
2024-08-05,14063.55,200.63,615.0,238.7
2024-08-06,14080.25,194.45,532.02,241.2
2024-08-07,14077.64,189.78,456.92,240.9
2024-08-08,14062.96,184.21,469.87,240.6
2024-08-09,14044.82,175.29,423.82,239.1
2024-08-12,14031.47,167.01,350.3,238.0
2024-08-13,14041.42,162.44,362.6,239.4
2024-08-14,14049.56,154.01,358.93,237.4
2024-08-15,14028.88,148.67,453.03,239.8
2024-08-16,13999.05,143.01,434.64,239.2
2024-08-19,14000.8,137.15,434.82,239.5
2024-08-20,13983.13,132.82,417.19,236.2
2024-08-21,13965.38,129.37,361.17,235.2
2024-08-22,13906.93,125.38,393.03,233.0
2024-08-23,13851.77,122.69,347.49,233.5
2024-08-26,13849.7,121.98,375.01,234.9
2024-08-27,13813.53,119.26,360.68,232.4
2024-08-28,13797.28,115.92,353.99,232.9
2024-08-29,13804.62,114.65,472.07,235.0
2024-08-30,13814.26,113.97,699.48,239.5
2024-09-02,13828.76,111.08,526.34,234.8
2024-09-03,13824.18,111.89,422.46,236.6
2024-09-04,13810.87,110.89,414.12,235.5
2024-09-05,13806.58,108.61,397.86,236.7
2024-09-06,13753.87,106.47,415.49,234.1
2024-09-09,13758.66,105.56,378.82,232.9
2024-09-10,13759.5,106.07,396.96,233.4
2024-09-11,13741.23,104.79,362.89,233.2
2024-09-12,13729.44,102.74,387.06,232.8
2024-09-13,13642.95,99.19,357.95,230.8
2024-09-18,13630.79821352,98.56600988,360.39475027,230.6333
2024-09-19,13650.17675642,98.65120222,512.52151902,234.3992
2024-09-20,13614.23512542,97.21168213,422.69147268,233.8008
2024-09-23,13609.78238483,97.43609709,417.0588396,234.1355
2024-09-24,13626.60059081,97.35811276,836.95023986,243.9823
2024-09-25,13625.07158363,94.82311048,1005.95733471,247.0705
2024-09-26,13661.72164674,96.40209392,1079.86988329,256.3669
2024-09-27,13857.64063567,97.96669217,1518.08755814,268.9369
2024-09-30,14306.74421632,94.96097439,2847.1091088,288.5133
2024-10-08,15407.38242477,97.05303032,4141.30609031,299.8006
2024-10-09,15780.78692579,87.15863685,3314.37800098,275.3972
2024-10-10,15794.91846706,89.19661794,2112.27211479,273.8926
2024-10-11,15716.03419156,84.84564974,1534.98436139,265.7659
2024-10-14,15780.25390257,91.15822853,1547.02849093,272.7514
2024-10-15,15801.80757603,89.15648193,1565.8510544,267.0092
2024-10-16,15818.94417092,90.59834431,1272.91919738,266.9771
2024-10-17,15855.64488144,91.1821371,1430.51359749,265.6403
2024-10-18,16016.37590591,93.44487422,2251.46630167,273.7801
2024-10-21,16253.86001528,93.71751619,2393.18305947,275.4613
2024-10-22,16334.83758053,94.43273814,1900.40197344,276.511
2024-10-23,16418.58453012,95.49283178,1988.24663151,276.8554
2024-10-24,16493.56874059,94.79943111,1457.10784354,274.5526
2024-10-25,16545.57466397,96.0405829,1816.55745699,278.0763
2024-10-28,16708.67771206,98.35411559,1833.10850876,281.0481
2024-10-29,16770.55667639,98.93090858,2022.53112525,276.8713
2024-10-30,16883.21245367,95.58758116,1782.66411715,276.8318
2024-10-31,16990.29012878,98.5766052,2252.77383674,279.4505
2024-11-01,16913.17878669,97.41979665,2098.5151177,273.0487
2024-11-04,17067.20456348,98.71332762,1679.39247334,277.5737
2024-11-05,17294.09721305,100.46457576,2581.75789171,284.6643
2024-11-06,17521.57884387,102.44962779,2896.76219461,283.6417
2024-11-07,17764.60029445,105.29067093,2767.71069818,288.4151
2024-11-08,17944.39529012,103.53074261,3002.58722636,285.7369
2024-11-11,18310.6401722,107.95592168,2850.21927078,288.8555
2024-11-12,18352.05633047,109.96045471,2666.97298504,284.7336
2024-11-13,18428.23798972,109.20227295,2088.98048415,284.2909
2024-11-14,18355.55131197,106.21342712,1799.49860317,277.1731
2024-11-15,18261.93029342,100.91893299,1757.71958854,271.2682
2024-11-18,18228.11380614,99.86533617,1606.54773545,267.3523
2024-11-19,18257.69490967,100.67672123,1438.65053865,272.2777
2024-11-20,18310.9663191,106.80614932,1536.98825637,274.6975
2024-11-21,18342.92039654,108.51369079,1534.00787604,274.6536
2024-11-22,18220.1661772,104.71324197,1650.83966349,265.7756
2024-11-25,18267.28625256,105.45373607,1295.90568331,266.2927
2024-11-26,18213.69766392,107.24848278,1079.61973652,264.4542
2024-11-27,18245.86253084,108.28216697,1334.22115811,269.6107
2024-11-28,18282.89338423,110.29094452,1354.86165409,268.0056
2024-11-29,18338.13841701,105.55058157,1697.12082213,271.7255
2024-12-02,18452.47088076,108.16977885,1737.99534698,275.2408
2024-12-03,18484.2395578,110.9297741,1585.34806704,274.9348
2024-12-04,18475.76903808,111.03781095,1502.17794645,271.9618
2024-12-05,18547.70962461,109.8679906,1408.46823171,273.5811
2024-12-06,18532.58646411,109.79730792,1722.25647131,276.1719
2024-12-09,18567.08392249,109.71327657,1495.90661684,274.6198
2024-12-10,18704.43652041,105.9501516,2301.28332076,275.7173
2024-12-11,18758.33611599,104.71752658,1652.34366944,277.3799
2024-12-12,18826.38490225,105.18729296,1752.84264591,278.9308
2024-12-13,18739.94826865,106.99246739,1744.23756864,273.6154
2024-12-16,18742.9887592,105.76053695,1423.27798869,271.4061
2024-12-17,18683.90135651,103.37538233,1289.54220964,267.6044
2024-12-18,18697.03750754,105.34388556,1209.39487572,269.3832
2024-12-19,18704.70690596,105.38323154,1335.55572519,270.1054
2024-12-20,18750.58735614,104.16889073,1512.96428507,270.3503
2024-12-23,18690.23675789,104.79773319,1384.11952943,264.9335
2024-12-24,18703.74415769,105.73947507,1224.94764799,267.8391
2024-12-25,18693.51672287,105.38057061,1239.81478563,265.5483
2024-12-26,18705.18507326,104.29496478,1306.41451966,267.8722
2024-12-27,18664.32856948,104.03642042,1436.64286937,267.9086
2024-12-30,18696.76964158,104.89969622,1203.68289857,266.9712
2024-12-31,18541.13832246,104.40016382,1222.04315294,260.7487
2025-01-02,18471.11312818,100.01063235,1225.55898542,254.5472
2025-01-03,18293.6076426,95.68978767,990.12564918,249.0453
2025-01-06,18213.12209328,93.46856339,796.70512799,248.8502
2025-01-07,18215.67664804,96.47917817,927.72189821,253.2895
2025-01-08,18171.58683164,101.58737277,1062.74560924,252.7117
2025-01-09,18167.27132747,103.48669278,967.70359675,253.2801
2025-01-10,18078.65516242,101.34055553,966.68602716,248.9531
2025-01-13,18070.25741375,98.9528293,788.69743586,249.8057
2025-01-14,18185.36392266,99.3892168,1335.07681616,259.2918
2025-01-15,18202.94407996,100.67377738,1055.72839322,257.3373
2025-01-16,18214.67164856,101.52516056,1198.59736527,258.1854
2025-01-17,18147.6006517,100.69945289,1034.1654867,259.2454
2025-01-20,18156.71363694,101.14175566,1117.22490661,260.2431
2025-01-21,18169.89352879,102.87987676,1177.74717377,260.4877
2025-01-22,18151.59995338,102.65945726,1069.61958048,258.8574
2025-01-23,18099.60825885,100.54995794,1330.72201608,258.3056
2025-01-24,17987.77889538,95.37351006,1132.65689677,261.6789
2025-01-27,17645.17829814,94.19405238,954.44997762,258.8324
2025-02-05,17843.73687975,96.71687373,1312.03886852,260.9277
2025-02-06,17990.02996659,100.77885132,1599.10676111,265.9263
2025-02-07,18100.52579116,104.28403182,2064.83018995,268.8554
2025-02-10,18291.81322252,107.18595429,1750.34462341,271.368
2025-02-11,18353.30379653,109.12801296,1586.6769115,269.709
2025-02-12,18425.3531814,111.79580685,1726.41403221,272.6466
2025-02-13,18417.10991553,111.24380888,1803.25951117,270.4945
2025-02-14,18423.01410258,109.27489624,1711.37407916,271.6288
2025-02-17,18583.7130915,111.80749664,2015.4602719,272.7917
2025-02-18,18514.19773152,107.82118705,1716.52080948,267.7287
2025-02-19,18615.33053984,108.7595529,1760.72444196,271.9831
2025-02-20,18683.28707267,111.74846607,1739.72262983,271.9039
2025-02-21,18744.86980062,113.27003122,2366.8120477,275.2192
2025-02-24,18864.14701833,115.09008004,2177.76351843,274.8359
2025-02-25,18931.33213183,114.09741392,1945.67519036,272.4201
2025-02-26,19031.3678962,116.79596071,2035.44689899,275.3139
2025-02-27,19049.97692241,116.58730002,2022.09172948,274.0858
2025-02-28,18871.39059488,110.95206564,1695.95531284,266.0528
2025-03-03,18863.65608542,112.06634563,1471.33731646,266.4144
2025-03-04,18882.78950423,113.60530322,1341.56651444,268.5951
2025-03-05,18917.06399228,116.13156837,1395.66726244,269.835
2025-03-06,19087.98897789,118.70847259,2032.17348642,273.922
2025-03-07,18992.47180364,117.49021264,1779.80198384,272.5699
2025-03-10,19089.59076962,118.79931474,1473.84186195,272.3918
2025-03-11,19106.7225451,120.21535037,1469.11157873,273.0558
2025-03-12,19223.62821664,121.06988294,1720.49955614,272.9825
2025-03-13,19162.33236817,119.95831781,1507.39555524,270.2026
2025-03-14,19174.70041308,121.553558,1817.11969836,274.9871
2025-03-17,19296.10931442,121.53319046,1551.58994558,274.6924
2025-03-18,19378.53472273,119.37306529,1546.18602879,275.3571
2025-03-19,19381.21131691,118.33270048,1415.27520508,274.0024
2025-03-20,19402.33856917,116.19757014,1367.04354751,271.8463
2025-03-21,19261.17447498,112.84547201,1376.06328863,267.5429
2025-03-24,19204.31663362,112.60337672,1221.16381067,266.7097
2025-03-25,19177.22148574,113.5349386,1105.45498807,265.0489
2025-03-26,19183.83657348,113.09117534,1027.76093312,265.7943
2025-03-27,19150.72815726,113.70767118,1069.35850357,265.6279
2025-03-28,19112.96714246,111.36035655,998.34024265,263.4953
2025-03-31,19075.34839223,111.12618639,1061.68419761,261.7406
2025-04-01,19027.88247408,112.42294223,1007.01980783,262.6832
2025-04-02,19007.68132959,112.39285629,868.23067111,263.2008
2025-04-03,18919.47827243,111.52980259,1017.79500995,261.0205
2025-04-07,18439.84099092,100.85363921,1302.36608935,240.4697
2025-04-08,18053.66204744,105.14591622,1165.8037002,244.783
2025-04-09,17995.4504016,106.35391987,1435.8411018,250.5537
2025-04-10,18023.00059682,110.32914195,1471.49479724,254.8752
2025-04-11,17982.68548796,109.98631194,1247.74873904,256.8226
2025-04-14,18070.841268,113.89533036,1188.10538116,259.2651
2025-04-15,18075.74789972,114.25930547,905.39623403,258.4079
2025-04-16,18023.94867712,113.55633315,906.48468308,256.7636
2025-04-17,17989.8154036,112.64271247,868.60567609,257.0761
2025-04-18,17926.98728487,111.29166731,761.89749351,257.0223
2025-04-21,17984.25772024,113.18272894,970.49920314,259.604
2025-04-22,17977.45336697,114.37576995,953.9596083,259.1296
2025-04-23,17997.70829095,113.54900462,1137.34595881,260.5276
2025-04-24,17968.54841885,113.77381543,942.03118573,258.7807
2025-04-25,17914.52307958,111.60655119,993.13826218,259.7451
2025-04-28,17926.55722507,111.36286812,903.36168469,258.1923
2025-04-29,17913.04935982,109.49878715,873.87574756,259.2679
2025-04-30,17756.95810486,107.94912777,985.84187301,261.0296
2025-05-06,17900.65622274,112.73856957,1254.46925165,265.78
2025-05-07,17972.86030559,114.56038721,1369.38633068,266.4651
2025-05-08,17971.37656142,116.13634028,1163.60341652,267.9717
2025-05-09,17924.37652382,115.69907344,1019.13702265,265.5036
2025-05-12,17970.50857896,116.97075707,1238.56312965,269.3435
2025-05-13,17983.77036723,118.28003954,1174.83559514,268.5399
2025-05-14,17995.40178828,119.79660326,1253.45582153,269.658
2025-05-15,17967.28438089,117.68204277,1014.77583215,266.3142
2025-05-16,17948.450354,116.01712219,940.2736974,266.422
2025-05-19,17984.41563192,118.8121213,908.7403645,267.0573
2025-05-20,18006.95858048,121.00623464,1011.55634203,268.3782
2025-05-21,17989.45185416,122.2960069,987.96106162,267.4754
2025-05-22,17968.39932025,121.57060034,916.56432535,265.7392
2025-05-23,17893.10907817,120.12193811,966.07148284,263.6191
2025-05-26,17940.03392818,118.4240687,847.58743659,264.7351
2025-05-27,17984.04338507,118.16517625,867.08552362,264.1024
2025-05-28,17986.90909863,118.13300052,803.76848833,263.2041
2025-05-29,17975.62105784,117.93979826,1040.11337514,266.8429
2025-05-30,17892.13313003,117.14433732,916.31399795,264.2106
2025-06-03,17926.81966564,118.04697844,942.55475348,265.6547
2025-06-04,17949.20451681,119.81562852,985.86429475,267.484
2025-06-05,17995.19292151,121.57704691,1146.88254279,269.0042
2025-06-06,17964.02830667,121.91781637,969.91725891,268.5982
2025-06-09,18038.49527083,122.74066786,1187.30508927,270.8893
2025-06-10,18047.69728908,122.20640165,1267.49719965,269.1101
2025-06-11,18065.91506428,123.21640413,1130.94080867,270.2929
2025-06-12,18089.79094738,123.40393087,1132.00350501,270.771
2025-06-13,18044.46837522,122.75717269,1176.6219788,267.6576
2025-06-16,18100.37545026,122.82488438,1079.63157284,269.42
2025-06-17,18153.08003889,120.22261186,1122.16509323,268.9773
2025-06-18,18166.4661974,119.97116224,1045.12065131,269.0245
2025-06-19,18091.66667992,116.94394334,1085.55973844,265.7569
2025-06-20,18009.34111882,115.37524819,845.76561315,264.2827
2025-06-23,18051.57607555,117.33056564,972.29366097,266.3119
2025-06-24,18102.88120665,117.04751389,1347.46625753,270.3887
2025-06-25,18172.06196318,120.13252336,1599.34120054,274.151
2025-06-26,18265.34802469,119.4321219,1557.57243653,272.5861
2025-06-27,18274.40060393,119.77561001,1520.54355432,272.5684
2025-06-30,18381.27949525,123.08000343,1440.68756497,274.6263
2025-07-01,18418.95469527,126.66220708,1344.80482999,274.3562
2025-07-02,18429.80960966,126.1164052,1206.00532933,272.6882
2025-07-03,18463.81619055,127.47059415,1200.34599644,274.1985
2025-07-04,18400.40301087,128.83645694,1312.1599998,272.9862
2025-07-07,18463.98708308,129.78906945,1095.33794065,273.2692
2025-07-08,18518.85559708,130.41893886,1389.81712133,275.8485
2025-07-09,18557.2841944,130.64469596,1402.01694715,274.9307
2025-07-10,18604.94713535,132.11597997,1413.25730865,275.3943
2025-07-11,18625.75003617,132.12491602,1702.78435742,276.8269
2025-07-14,18723.11571404,130.70869943,1392.17855285,276.5626
2025-07-15,18772.50155815,131.36286829,1588.11819357,276.1297
2025-07-16,18840.70374223,130.96239532,1394.24276315,275.8685
2025-07-17,18911.41884063,132.48187441,1526.50365385,278.1548
2025-07-18,18891.5008822,131.72875368,1539.98236298,278.6789
2025-07-21,19045.47516665,133.57184768,1776.68357557,279.8598
2025-07-22,19195.93746212,136.63265922,2009.09064065,280.424
2025-07-23,19222.509105,135.38086851,1918.35788805,279.2358
2025-07-24,19283.46353749,136.26526706,1958.88537203,282.2724
2025-07-25,19338.16434423,135.92614865,1836.15342798,281.6981
2025-07-28,19530.76965894,139.35299592,1915.16124298,284.1447
2025-07-29,19683.98699864,142.24101083,1981.31065232,283.0326
2025-07-30,19705.66669044,141.56468836,1944.78886264,280.8016
2025-07-31,19709.97316791,137.93283112,2046.95068978,277.5833
2025-08-01,19662.64624571,135.86977736,1575.21764679,277.1961
2025-08-04,19775.9601457,137.12663083,1524.20860762,279.2501
2025-08-05,19863.02473422,139.52737315,1635.59624878,280.8825
2025-08-06,19953.23891658,140.84355718,1772.11869202,282.3569
2025-08-07,19989.07566646,142.14787394,1870.44540545,281.6692
2025-08-08,19953.47665829,141.60969744,1668.46100089,280.5556
2025-08-11,20121.87521751,140.02563698,1951.56801699,283.3339
2025-08-12,20203.51173481,141.72305504,1939.82211408,283.6984
2025-08-13,20320.4521848,141.93733059,2355.0206432,286.0237
2025-08-14,20410.39498494,141.54359104,2427.60347633,282.9531
2025-08-15,20487.62163467,140.47671571,2482.56318517,286.7961
2025-08-18,20880.80283807,142.07657747,3266.31052089,289.2504
2025-08-19,21174.79666493,141.88624177,2925.61758111,287.6233
2025-08-20,21329.39896722,146.03959862,2643.76238107,289.0991
2025-08-21,21319.23983622,148.46898338,2611.54651626,286.7998
2025-08-22,21400.95656693,149.46224176,2966.22697322,290.6859
2025-08-25,21729.3654329,153.37690126,3740.56436983,294.1693
2025-08-26,21921.24241148,154.56116874,3029.09495819,292.4836
2025-08-27,22123.15552411,151.35158737,3638.03618948,286.5097
2025-08-28,22284.01025535,154.78611818,3363.56324512,290.6911
2025-08-29,22454.28551384,158.81387164,3205.43740142,289.4359
2025-09-01,22808.1608096,161.6774829,3230.41211868,289.8874
2025-09-02,22723.54732623,160.90143543,3146.05233878,285.276
2025-09-03,22739.01751529,159.50718515,2602.89660563,281.527
2025-09-04,22641.97255372,153.27373594,2663.1213983,276.1688
2025-09-05,22712.92004357,157.52334054,2579.17732061,283.0574
2025-09-08,22975.26281057,160.22006842,2793.95168684,283.8505
2025-09-09,23034.76809785,162.2691507,2355.5125142,280.7656
2025-09-10,23092.49367573,163.16947858,2223.87052,281.2483
2025-09-11,23236.6053018,167.47351272,2937.27016521,287.2476
2025-09-12,23349.40166601,166.10814241,2968.87762314,285.9438
2025-09-15,23532.74758316,167.03295293,2654.38440087,285.3234
2025-09-16,23757.84088916,168.44159705,2850.96709027,286.4832
2025-09-17,23884.92868473,169.13597072,2837.18689308,287.0136
2025-09-18,23857.28153001,166.84741794,3726.74762349,283.8861
2025-09-19,23815.76763521,165.66974102,2585.62817539,282.4717
2025-09-22,24008.08152367,166.93550137,2564.39680167,283.265
2025-09-23,24000.03339293,167.50901846,2778.21517428,281.2908
2025-09-24,24140.83737812,169.74803489,2867.57602014,284.2521
2025-09-25,24273.69726118,169.47020383,2882.81282339,283.8125
2025-09-26,24080.13185024,164.06049778,2452.52296162,280.3407
2025-09-29,24123.90840135,163.08492869,2654.28143411,284.2062
2025-09-30,23783.43659032,157.72084773,2598.6003509,286.2435
2025-10-09,24292.1501376,163.35306548,3442.89297319,287.6765
2025-10-10,24256.46715521,161.21752806,2868.69981993,283.0425
2025-10-13,24278.86305841,164.50652288,2627.83493096,283.0519
2025-10-14,24302.19702577,166.75009398,2900.77020872,277.5006
2025-10-15,24325.32759828,168.66098603,2342.77816087,281.4791
2025-10-16,24401.22541227,170.61947174,2157.4496408,279.0078
2025-10-17,24128.18377759,165.53388079,1987.73320784,272.8294
2025-10-20,24132.13342086,167.71543024,1859.89147689,275.2441
2025-10-21,24272.65961326,169.89733649,2171.21172965,278.1961
2025-10-22,24355.25801195,168.67751629,1859.59088997,276.9163
2025-10-23,24339.02396839,171.24575714,1768.60724033,277.5022
2025-10-24,24397.64646962,173.75875937,2367.02321685,280.7334
2025-10-27,24642.62486891,177.28648713,2869.29338363,283.2893
2025-10-28,24769.63956171,177.7344373,2583.61732547,281.9493
2025-10-29,24885.46905174,180.74610465,2809.22927817,284.414
2025-10-30,24811.48967821,178.98539719,2821.15720642,281.4446
2025-10-31,24687.92065809,174.85828004,2542.86181246,280.3048
2025-11-03,24769.94657806,177.61894686,2296.71853642,280.8554
2025-11-04,24736.76682515,179.39146753,1978.35576174,278.0957
2025-11-05,24735.32975959,179.38950022,1999.97643965,278.8068
2025-11-06,24805.37437493,183.04774149,2337.10637356,281.619
2025-11-07,24755.14634982,181.69097243,2185.51422173,280.8339
2025-11-10,24831.41322363,182.65305953,2427.88006403,281.6006
2025-11-11,24871.48110444,181.38734006,2280.53242668,279.9393
2025-11-12,24840.68195485,181.17137105,2066.58966566,278.8966
2025-11-13,24881.3622404,183.83271849,2288.99264973,281.6039
2025-11-14,24746.7898559,180.0941533,1983.93515589,278.4199
2025-11-17,24822.98327692,180.19127787,1996.69746481,278.5324
2025-11-18,24848.78526513,178.13387544,1981.52951868,275.9782
2025-11-19,24803.00791083,176.1965094,1691.72763566,274.8618
2025-11-20,24743.60560853,173.21239123,1733.01169018,272.8036
2025-11-21,24451.50931891,162.55272899,1846.0869644,264.7195
2025-11-24,24422.70814192,163.64667769,1640.49597472,267.4485
2025-11-25,24462.59087982,167.48026353,1871.66830159,270.5628
2025-11-26,24522.35380596,170.94689894,1858.22414896,270.8853
2025-11-27,24549.84571917,170.338902,1778.35250374,270.7841
2025-11-28,24564.6790958,170.8166765,1571.2335603,272.7845
2025-12-01,24666.97530888,176.0674666,1915.10205872,274.8288
2025-12-02,24688.92648642,175.55306808,1554.56690331,272.9305
2025-12-03,24651.79071694,174.06667095,1608.77021688,271.0343
2025-12-04,24664.77944611,173.85152537,1539.34878184,270.9524
2025-12-05,24640.99171396,175.68930586,1787.58308942,273.9665
2025-12-08,24827.28739574,177.76316331,2280.18900606,276.8192
2025-12-09,24928.81337906,176.80307721,2024.06812366,275.0498
2025-12-10,24963.89775545,178.86715687,1804.31372604,275.5095
2025-12-11,24901.28879083,178.39855382,1857.31121227,272.4896
2025-12-12,24837.13103897,176.76298952,1948.30764789,274.4681
2025-12-15,24885.51166093,170.9970969,1771.55312389,272.575
2025-12-16,24880.91580938,167.2464332,1782.87725948,268.815
2025-12-17,24858.56678519,169.68618095,1843.68020306,273.2371
2025-12-18,24825.31539058,168.13087916,1712.24532002,271.9029
2025-12-19,24871.24398244,166.98486692,1769.80276104,273.4257
2025-12-22,24997.09945718,169.07529047,2024.02396623,275.9433
2025-12-23,25145.67132091,169.71822066,2169.53856509,275.2756
2025-12-24,25246.92764852,169.65206622,2069.10903691,277.8484
2025-12-25,25284.67346836,169.35683354,2198.2811127,278.9747
2025-12-26,25264.289838,168.72208692,2389.88321766,279.5726
2025-12-29,25348.07855626,168.95392653,2293.27393861,278.6342
2025-12-30,25385.18278729,167.62986576,2294.05144141,278.9376
2025-12-31,25241.46174935,165.30644059,2178.28272041,278.2625
2026-01-05,25434.31435157,172.3094113,2905.52359344,282.9068
2026-01-06,25623.05221743,175.95507004,3280.07757069,286.7897
2026-01-07,25872.00078356,175.35748739,3304.45478744,286.5198
2026-01-08,26031.42603088,174.58450258,3118.69123158,286.1418
2026-01-09,26099.20611284,176.69949959,3447.28327536,288.7679
2026-01-12,26559.70945537,180.78057542,4263.40169095,292.9143
2026-01-13,26653.70819198,176.05939401,4042.98805576,288.1974
2026-01-14,26806.04378106,175.95710428,4508.32249755,288.6913
2026-01-15,27012.15803422,175.11463503,3170.85754338,287.1876
2026-01-16,27144.05974227,170.9721536,3357.09853653,285.6004
2026-01-19,27059.0299323,172.46111011,2674.21320179,288.0308
2026-01-20,26919.88447209,173.49315772,2634.74125299,286.7316
2026-01-21,27036.89681396,174.6189198,2679.24022548,288.2154
2026-01-22,27075.07603262,173.8040127,2679.0288737,290.3272
2026-01-23,27061.03879348,173.44752681,3027.62692177,293.4033
2026-01-26,27079.82607505,174.27963218,3103.6287647,291.7617
2026-01-27,27058.63097101,174.96888232,2784.96861068,292.8263
2026-01-28,27252.17258843,173.93017594,2955.33921458,292.2048
2026-01-29,27221.86609951,171.40781147,3122.75446977,291.1291
2026-01-30,26986.4210084,166.08620917,2669.78730912,289.377
2026-02-02,26926.64497337,164.19140795,2418.66450068,281.8213
2026-02-03,26898.27369304,167.12487049,2443.35597777,288.4863
2026-02-04,26758.85192503,169.83177144,2242.60558813,289.3333
2026-02-05,26640.5363964,167.9157929,1983.76692335,286.1896
2026-02-06,26470.32185388,166.36721112,1902.71141391,286.0098
2026-02-09,26475.54276122,168.40583653,2159.46582662,291.5748
2026-02-10,26437.25945137,167.4243821,1920.10576274,291.6578
2026-02-11,26278.07665393,166.1943076,1800.10177182,291.6613
2026-02-12,26293.20094149,162.73458169,2156.94965435,293.0648
2026-02-13,25723.61330282,157.54495229,1791.67503108,290.443
2026-02-24,26062.47888065,164.97487244,2270.06184191,293.2778
2026-02-25,26298.84411112,167.2902232,2465.84378011,295.7071
2026-02-26,26499.52501791,170.73678634,2561.61613162,296.3894
2026-02-27,26518.39712602,173.39991387,2428.88917392,297.82
2026-03-02,26562.7577427,177.28771245,2796.42644732,296.1581
2026-03-03,26337.74107434,175.25469613,2820.56898001,286.4079
2026-03-04,26254.78464528,171.87907276,2114.27154723,285.3369
2026-03-05,26338.18701545,179.82523583,2281.85669612,287.7935
2026-03-06,26276.56029257,178.90651089,2018.31905031,290.2359
2026-03-09,26275.05670263,181.1804801,2390.36214799,289.1791
2026-03-10,26372.77415902,180.54658168,2341.5351509,292.8658
2026-03-11,26426.73254515,185.57952815,2431.95562264,293.1464
2026-03-12,26459.29042052,187.18264491,2325.71168221,291.6684
2026-03-13,26332.4249563,184.57025299,2185.41149087,288.4272
2026-03-16,26429.81166176,183.85403337,2232.92896127,288.7793
2026-03-17,26339.73371274,180.48781679,1993.48029262,284.1768
2026-03-18,26365.14285912,180.45106346,1925.79203913,286.7802
2026-03-19,26322.2769413,178.83627775,1918.69202167,281.5608
2026-03-20,26148.19006325,174.57195291,2074.81286858,277.9925
2026-03-23,26033.07936533,166.94805686,2101.86468038,268.267
2026-03-24,25964.0936507,171.68938117,1802.67308793,274.7397
2026-03-25,25995.68364269,178.67338131,2062.40361161,279.4318
2026-03-26,25987.31017051,177.99400492,1761.6025935,275.5373
2026-03-27,25907.83074851,180.38121134,1658.77148413,278.075
2026-03-30,25985.82189271,183.0688732,1733.44504666,278.6606
2026-03-31,25904.44664965,181.8651495,1791.18783028,274.4245
2026-04-01,25911.96089526,185.7887123,1884.73728342,279.2264
2026-04-02,25801.98718761,184.7115831,1630.04679951,275.2793
2026-04-03,25627.13097915,180.84973698,1503.0418367,272.6222
2026-04-07,25665.79024528,183.81565527,1491.88911626,275.1298
2026-04-08,25828.41523584,186.87664501,2421.91472283,285.8632
2026-04-09,25901.93793769,185.11096463,2040.39407054,284.1496
2026-04-10,25954.95502135,189.0192756,2347.77776142,286.265
2026-04-13,26115.90536161,191.37375813,2111.78609941,287.2197
2026-04-14,26278.72634876,197.43187362,2467.4207846,289.9935
2026-04-15,26380.60722337,195.98901997,2462.80735192,287.924
2026-04-16,26488.97995459,198.20759762,2371.93275412,291.4564
2026-04-17,26511.854521,198.2869726,2478.0812,292.5845
2026-04-20,26803.34221901,199.09514826,2701.31598963,293.3212
2026-04-21,26867.8962543,198.61632424,2348.5353385,292.3827
2026-04-22,27004.30301496,202.39505409,2635.01194293,294.7703
2026-04-23,27042.02146277,200.51003967,2830.47969357,291.2151
2026-04-24,26929.62765693,198.0125685,2589.49407034,289.9444
2026-04-27,27085.4382053,199.63601276,2616.73138344,291.1158
2026-04-28,27086.63695733,197.48500906,2479.9967707,288.4397
2026-04-29,27124.55318432,198.16500034,2630.61725737,292.2911
2026-04-30,26955.46748141,196.3477177,2688.07046318,293.2474
2026-05-06,27367.35482032,199.73931453,3503.00544534,298.0982
2026-05-07,27663.35929098,200.98607029,3344.28100428,300.9461
2026-05-08,27823.12773215,201.85189736,3076.37981793,299.6217
2026-05-11,28130.25119017,208.27289707,3748.79049289,302.5644
2026-05-12,28298.51244707,208.85520973,3278.83494935,300.4699
2026-05-13,28528.38829865,210.97220992,3396.03124226,303.5083
2026-05-14,28619.90990051,207.52696196,3459.31488043,296.7283
2026-05-15,28561.59668158,202.87771009,3308.76945494,293.14
2026-05-18,28718.79189866,204.79513201,2849.72359261,293.7492
2026-05-19,28770.64739354,208.57166597,2814.22670022,295.7363
2026-05-20,28835.94201909,213.26849075,2931.30361874,295.4852
2026-05-21,28752.54303919,209.36380651,3470.94441642,288.021
2026-05-22,28781.92783008,209.37179668,2916.04890877,293.1741
2026-05-25,29035.10169873,216.78599783,3506.11877764,296.2336
2026-05-26,29108.21915743,217.85438009,3319.8300567,294.3536
2026-05-27,29149.0285168,217.38008335,3280.81047865,289.681
2026-05-28,29206.31252614,218.04276979,2991.55732357,291.607
2026-05-29,28909.35547659,214.54997037,3117.96907291,285.7741
2026-06-01,28833.82909005,209.14367516,2630.78028651,283.5083
2026-06-02,28847.03980237,208.91344652,2636.53045452,285.6657
2026-06-03,28932.06976315,211.68764902,3185.91824124,287.2974
2026-06-04,28996.91973979,209.92640073,2778.53087425,286.9791
2026-06-05,28857.02315956,209.82961245,2980.11431513,283.8634
2026-06-08,28623.37631623,204.62884515,2502.06424697,277.1787
2026-06-09,28661.68354854,211.01402067,2539.21530503,283.6242
2026-06-10,28579.66561485,211.40758566,2400.83034863,280.7541
2026-06-11,28526.92719444,209.23961528,2369.39194277,279.4259
2026-06-12,28523.03785755,211.68189928,2914.03885887,281.2968
2026-06-15,28763.53316242,215.73479813,2996.40036934,289.829
2026-06-16,29028.71157525,219.77249446,3197.7876071,291.7617
2026-06-17,29309.3930029,219.28513127,3314.8978551,293.4247
2026-06-18,29437.72231836,216.908536,3574.52413317,293.7817
2026-06-22,29728.253952,221.86121019,3995.91678145,297.98
2026-06-23,29789.59926991,219.82888364,3537.87463592,291.7493
2026-06-24,29926.42644093,224.82734822,3378.40396992,294.143
2026-06-25,30101.6090274,228.02867968,3889.14644522,297.0833
2026-06-26,29895.01807463,224.29563896,3550.42003304,289.1797
2026-06-29,29808.63688968,227.85700379,3368.12341771,291.2719
2026-06-30,29970.51017258,233.13573635,3355.2939798,296.4359
2026-07-01,30069.79879205,234.9419435,3928.49086897,296.2439
2026-07-02,30004.48636567,224.49858627,3243.87724629,287.8267
2026-07-03,29807.12932254,226.23447703,2968.97316081,288.8938
2026-07-06,29701.40612025,224.66494175,2816.76465622,286.4217
2026-07-07,29570.22709754,219.85764192,2289.76847675,281.9944
2026-07-08,29381.00394405,215.51894694,2277.29413437,278.344
2026-07-09,29341.48515608,220.39213029,2792.23385994,286.0043
2026-07-10,29227.86873824,219.78846301,3212.01334727,282.1321
2026-07-13,28891.14272134,210.72012975,2327.41702092,273.1762
2026-07-14,28780.97668002,213.22721762,2412.84214077,278.8728
2026-07-15,28663.32691217,211.50598433,2336.54440557,276.4357
2026-07-16,28376.22775587,204.64201947,2080.12064805,272.6506
2026-07-17,27575.44154296,194.32369367,2063.4036748,261.6022
2026-07-20,26977.54345309,198.00177511,2147.69058746,262.4282
2026-07-21,26978.52606795,204.14174049,2675.86624019,272.2797
2026-07-22,26985.96780509,211.62092416,2468.61374134,270.0012
2026-07-23,26888.31553022,214.63260194,1908.49979845,271.2285
2026-07-24,26665.73447092,213.45825097,1635.89385401,265.3928
2026-07-27,26766.47788583,219.02958008,1844.97866633,272.5959
2026-07-28,26468.71473317,222.19464251,1695.2582827,265.9414
2026-07-29,26212.79475642,221.67060246,1907.70654758,269.0304
2026-07-30,25844.79733104,220.17487965,1934.81650237,264.4933
2026-07-31,25890.81732587,222.21831933,2440.94901988,269.5019
2026-08-03,25803.46293375,221.82877647,1660.98012527,268.8839
2026-08-04,25923.04486523,229.19158257,2109.85056633,273.7933
2026-08-05,26045.27335168,239.42114751,2604.65292738,279.6832
2026-08-06,26155.56874854,243.04470401,2368.38898165,280.0263
2026-08-07,26225.33361208,250.09862228,2557.77250324,283.1333
